{"directory":{"item":[{"last-modified": "2025-11-06 16:09:41","name":"0001403161-25-000089-index-headers.html","type":"text.gif","size":""},{"last-modified": "2025-11-06 16:09:41","name":"0001403161-25-000089-index.html","type":"text.gif","size":""},{"last-modified": "2025-11-06 16:09:41","name":"0001403161-25-000089.txt","type":"text.gif","size":""},{"last-modified": "2025-11-06 16:09:41","name":"0001403161-25-000089-xbrl.zip","type":"compressed.gif","size":"2262472"},{"last-modified": "2025-11-06 16:09:41","name":"FilingSummary.xml","type":"text.gif","size":"65973"},{"last-modified": "2025-11-06 16:09:41","name":"MetaLinks.json","type":"text.gif","size":"1553706"},{"last-modified": "2025-11-06 16:09:41","name":"R1.htm","type":"text.gif","size":"95028"},{"last-modified": "2025-11-06 16:09:41","name":"R10.htm","type":"text.gif","size":"3926"},{"last-modified": "2025-11-06 16:09:41","name":"R100.htm","type":"text.gif","size":"32186"},{"last-modified": "2025-11-06 16:09:41","name":"R101.htm","type":"text.gif","size":"33570"},{"last-modified": "2025-11-06 16:09:41","name":"R102.htm","type":"text.gif","size":"47652"},{"last-modified": "2025-11-06 16:09:41","name":"R103.htm","type":"text.gif","size":"17253"},{"last-modified": "2025-11-06 16:09:41","name":"R104.htm","type":"text.gif","size":"18761"},{"last-modified": "2025-11-06 16:09:41","name":"R105.htm","type":"text.gif","size":"95310"},{"last-modified": "2025-11-06 16:09:41","name":"R11.htm","type":"text.gif","size":"55969"},{"last-modified": "2025-11-06 16:09:41","name":"R12.htm","type":"text.gif","size":"13905"},{"last-modified": "2025-11-06 16:09:41","name":"R13.htm","type":"text.gif","size":"32534"},{"last-modified": "2025-11-06 16:09:41","name":"R14.htm","type":"text.gif","size":"15971"},{"last-modified": "2025-11-06 16:09:41","name":"R15.htm","type":"text.gif","size":"85122"},{"last-modified": "2025-11-06 16:09:41","name":"R16.htm","type":"text.gif","size":"102889"},{"last-modified": "2025-11-06 16:09:41","name":"R17.htm","type":"text.gif","size":"27565"},{"last-modified": "2025-11-06 16:09:41","name":"R18.htm","type":"text.gif","size":"55771"},{"last-modified": "2025-11-06 16:09:41","name":"R19.htm","type":"text.gif","size":"15034"},{"last-modified": "2025-11-06 16:09:41","name":"R2.htm","type":"text.gif","size":"7767"},{"last-modified": "2025-11-06 16:09:41","name":"R20.htm","type":"text.gif","size":"72207"},{"last-modified": "2025-11-06 16:09:41","name":"R21.htm","type":"text.gif","size":"12953"},{"last-modified": "2025-11-06 16:09:41","name":"R22.htm","type":"text.gif","size":"9712"},{"last-modified": "2025-11-06 16:09:41","name":"R23.htm","type":"text.gif","size":"45636"},{"last-modified": "2025-11-06 16:09:41","name":"R24.htm","type":"text.gif","size":"20580"},{"last-modified": "2025-11-06 16:09:41","name":"R25.htm","type":"text.gif","size":"99811"},{"last-modified": "2025-11-06 16:09:41","name":"R26.htm","type":"text.gif","size":"87973"},{"last-modified": "2025-11-06 16:09:41","name":"R27.htm","type":"text.gif","size":"87883"},{"last-modified": "2025-11-06 16:09:41","name":"R28.htm","type":"text.gif","size":"14694"},{"last-modified": "2025-11-06 16:09:41","name":"R29.htm","type":"text.gif","size":"113473"},{"last-modified": "2025-11-06 16:09:41","name":"R3.htm","type":"text.gif","size":"161632"},{"last-modified": "2025-11-06 16:09:41","name":"R30.htm","type":"text.gif","size":"87447"},{"last-modified": "2025-11-06 16:09:41","name":"R31.htm","type":"text.gif","size":"8465"},{"last-modified": "2025-11-06 16:09:41","name":"R32.htm","type":"text.gif","size":"4371"},{"last-modified": "2025-11-06 16:09:41","name":"R33.htm","type":"text.gif","size":"49063"},{"last-modified": "2025-11-06 16:09:41","name":"R34.htm","type":"text.gif","size":"110845"},{"last-modified": "2025-11-06 16:09:41","name":"R35.htm","type":"text.gif","size":"28220"},{"last-modified": "2025-11-06 16:09:41","name":"R36.htm","type":"text.gif","size":"13770"},{"last-modified": "2025-11-06 16:09:41","name":"R37.htm","type":"text.gif","size":"63987"},{"last-modified": "2025-11-06 16:09:41","name":"R38.htm","type":"text.gif","size":"104125"},{"last-modified": "2025-11-06 16:09:41","name":"R39.htm","type":"text.gif","size":"27540"},{"last-modified": "2025-11-06 16:09:41","name":"R4.htm","type":"text.gif","size":"22682"},{"last-modified": "2025-11-06 16:09:41","name":"R40.htm","type":"text.gif","size":"97047"},{"last-modified": "2025-11-06 16:09:41","name":"R41.htm","type":"text.gif","size":"12637"},{"last-modified": "2025-11-06 16:09:41","name":"R42.htm","type":"text.gif","size":"62924"},{"last-modified": "2025-11-06 16:09:41","name":"R43.htm","type":"text.gif","size":"36447"},{"last-modified": "2025-11-06 16:09:41","name":"R44.htm","type":"text.gif","size":"11285"},{"last-modified": "2025-11-06 16:09:41","name":"R45.htm","type":"text.gif","size":"83399"},{"last-modified": "2025-11-06 16:09:41","name":"R46.htm","type":"text.gif","size":"89052"},{"last-modified": "2025-11-06 16:09:41","name":"R47.htm","type":"text.gif","size":"86977"},{"last-modified": "2025-11-06 16:09:41","name":"R48.htm","type":"text.gif","size":"13458"},{"last-modified": "2025-11-06 16:09:41","name":"R49.htm","type":"text.gif","size":"109207"},{"last-modified": "2025-11-06 16:09:41","name":"R5.htm","type":"text.gif","size":"104153"},{"last-modified": "2025-11-06 16:09:41","name":"R50.htm","type":"text.gif","size":"31555"},{"last-modified": "2025-11-06 16:09:41","name":"R51.htm","type":"text.gif","size":"23631"},{"last-modified": "2025-11-06 16:09:41","name":"R52.htm","type":"text.gif","size":"31829"},{"last-modified": "2025-11-06 16:09:41","name":"R53.htm","type":"text.gif","size":"26185"},{"last-modified": "2025-11-06 16:09:41","name":"R54.htm","type":"text.gif","size":"22737"},{"last-modified": "2025-11-06 16:09:41","name":"R55.htm","type":"text.gif","size":"18749"},{"last-modified": "2025-11-06 16:09:41","name":"R56.htm","type":"text.gif","size":"12582"},{"last-modified": "2025-11-06 16:09:41","name":"R57.htm","type":"text.gif","size":"31597"},{"last-modified": "2025-11-06 16:09:41","name":"R58.htm","type":"text.gif","size":"76860"},{"last-modified": "2025-11-06 16:09:41","name":"R59.htm","type":"text.gif","size":"57163"},{"last-modified": "2025-11-06 16:09:41","name":"R6.htm","type":"text.gif","size":"66423"},{"last-modified": "2025-11-06 16:09:41","name":"R60.htm","type":"text.gif","size":"25125"},{"last-modified": "2025-11-06 16:09:41","name":"R61.htm","type":"text.gif","size":"13687"},{"last-modified": "2025-11-06 16:09:41","name":"R62.htm","type":"text.gif","size":"19069"},{"last-modified": "2025-11-06 16:09:41","name":"R63.htm","type":"text.gif","size":"14276"},{"last-modified": "2025-11-06 16:09:41","name":"R64.htm","type":"text.gif","size":"9926"},{"last-modified": "2025-11-06 16:09:41","name":"R65.htm","type":"text.gif","size":"21714"},{"last-modified": "2025-11-06 16:09:41","name":"R66.htm","type":"text.gif","size":"19345"},{"last-modified": "2025-11-06 16:09:41","name":"R67.htm","type":"text.gif","size":"30308"},{"last-modified": "2025-11-06 16:09:41","name":"R68.htm","type":"text.gif","size":"42248"},{"last-modified": "2025-11-06 16:09:41","name":"R69.htm","type":"text.gif","size":"6802"},{"last-modified": "2025-11-06 16:09:41","name":"R7.htm","type":"text.gif","size":"128462"},{"last-modified": "2025-11-06 16:09:41","name":"R70.htm","type":"text.gif","size":"30329"},{"last-modified": "2025-11-06 16:09:41","name":"R71.htm","type":"text.gif","size":"13870"},{"last-modified": "2025-11-06 16:09:41","name":"R72.htm","type":"text.gif","size":"25859"},{"last-modified": "2025-11-06 16:09:41","name":"R73.htm","type":"text.gif","size":"25859"},{"last-modified": "2025-11-06 16:09:41","name":"R74.htm","type":"text.gif","size":"85467"},{"last-modified": "2025-11-06 16:09:41","name":"R75.htm","type":"text.gif","size":"54382"},{"last-modified": "2025-11-06 16:09:41","name":"R76.htm","type":"text.gif","size":"24213"},{"last-modified": "2025-11-06 16:09:41","name":"R77.htm","type":"text.gif","size":"26022"},{"last-modified": "2025-11-06 16:09:41","name":"R78.htm","type":"text.gif","size":"7408"},{"last-modified": "2025-11-06 16:09:41","name":"R79.htm","type":"text.gif","size":"10541"},{"last-modified": "2025-11-06 16:09:41","name":"R8.htm","type":"text.gif","size":"9423"},{"last-modified": "2025-11-06 16:09:41","name":"R80.htm","type":"text.gif","size":"32446"},{"last-modified": "2025-11-06 16:09:41","name":"R81.htm","type":"text.gif","size":"26968"},{"last-modified": "2025-11-06 16:09:41","name":"R82.htm","type":"text.gif","size":"18296"},{"last-modified": "2025-11-06 16:09:41","name":"R83.htm","type":"text.gif","size":"8592"},{"last-modified": "2025-11-06 16:09:41","name":"R84.htm","type":"text.gif","size":"37291"},{"last-modified": "2025-11-06 16:09:41","name":"R85.htm","type":"text.gif","size":"72375"},{"last-modified": "2025-11-06 16:09:41","name":"R86.htm","type":"text.gif","size":"7744"},{"last-modified": "2025-11-06 16:09:41","name":"R87.htm","type":"text.gif","size":"15478"},{"last-modified": "2025-11-06 16:09:41","name":"R88.htm","type":"text.gif","size":"20951"},{"last-modified": "2025-11-06 16:09:41","name":"R89.htm","type":"text.gif","size":"65193"},{"last-modified": "2025-11-06 16:09:41","name":"R9.htm","type":"text.gif","size":"110714"},{"last-modified": "2025-11-06 16:09:41","name":"R90.htm","type":"text.gif","size":"12677"},{"last-modified": "2025-11-06 16:09:41","name":"R91.htm","type":"text.gif","size":"50713"},{"last-modified": "2025-11-06 16:09:41","name":"R92.htm","type":"text.gif","size":"23911"},{"last-modified": "2025-11-06 16:09:41","name":"R93.htm","type":"text.gif","size":"52196"},{"last-modified": "2025-11-06 16:09:41","name":"R94.htm","type":"text.gif","size":"36465"},{"last-modified": "2025-11-06 16:09:41","name":"R95.htm","type":"text.gif","size":"23881"},{"last-modified": "2025-11-06 16:09:41","name":"R96.htm","type":"text.gif","size":"39414"},{"last-modified": "2025-11-06 16:09:41","name":"R97.htm","type":"text.gif","size":"19450"},{"last-modified": "2025-11-06 16:09:41","name":"R98.htm","type":"text.gif","size":"14130"},{"last-modified": "2025-11-06 16:09:41","name":"R99.htm","type":"text.gif","size":"42339"},{"last-modified": "2025-11-06 16:09:41","name":"report.css","type":"text.gif","size":"2768"},{"last-modified": "2025-11-06 16:09:41","name":"Show.js","type":"text.gif","size":"1086"},{"last-modified": "2025-11-06 16:09:41","name":"v-20250930.htm","type":"text.gif","size":"2909461"},{"last-modified": "2025-11-06 16:09:41","name":"v-20250930.xsd","type":"text.gif","size":"97394"},{"last-modified": "2025-11-06 16:09:41","name":"v-20250930_cal.xml","type":"text.gif","size":"145879"},{"last-modified": "2025-11-06 16:09:41","name":"v-20250930_def.xml","type":"text.gif","size":"541031"},{"last-modified": "2025-11-06 16:09:41","name":"v-20250930_g1.gif","type":"image2.gif","size":"155127"},{"last-modified": "2025-11-06 16:09:41","name":"v-20250930_g10.jpg","type":"image2.gif","size":"66245"},{"last-modified": "2025-11-06 16:09:41","name":"v-20250930_g11.jpg","type":"image2.gif","size":"228735"},{"last-modified": "2025-11-06 16:09:41","name":"v-20250930_g12.jpg","type":"image2.gif","size":"93064"},{"last-modified": "2025-11-06 16:09:41","name":"v-20250930_g13.jpg","type":"image2.gif","size":"108372"},{"last-modified": "2025-11-06 16:09:41","name":"v-20250930_g14.jpg","type":"image2.gif","size":"160335"},{"last-modified": "2025-11-06 16:09:41","name":"v-20250930_g15.jpg","type":"image2.gif","size":"64646"},{"last-modified": "2025-11-06 16:09:41","name":"v-20250930_g16.jpg","type":"image2.gif","size":"195359"},{"last-modified": "2025-11-06 16:09:41","name":"v-20250930_g17.jpg","type":"image2.gif","size":"91493"},{"last-modified": "2025-11-06 16:09:41","name":"v-20250930_g18.jpg","type":"image2.gif","size":"146952"},{"last-modified": "2025-11-06 16:09:41","name":"v-20250930_g2.jpg","type":"image2.gif","size":"420266"},{"last-modified": "2025-11-06 16:09:41","name":"v-20250930_g3.jpg","type":"image2.gif","size":"78663"},{"last-modified": "2025-11-06 16:09:41","name":"v-20250930_g4.jpg","type":"image2.gif","size":"261130"},{"last-modified": "2025-11-06 16:09:41","name":"v-20250930_g5.jpg","type":"image2.gif","size":"654"},{"last-modified": "2025-11-06 16:09:41","name":"v-20250930_g6.jpg","type":"image2.gif","size":"666"},{"last-modified": "2025-11-06 16:09:41","name":"v-20250930_g7.jpg","type":"image2.gif","size":"654"},{"last-modified": "2025-11-06 16:09:41","name":"v-20250930_g8.jpg","type":"image2.gif","size":"1396"},{"last-modified": "2025-11-06 16:09:41","name":"v-20250930_g9.jpg","type":"image2.gif","size":"666"},{"last-modified": "2025-11-06 16:09:41","name":"v-20250930_htm.xml","type":"text.gif","size":"2475453"},{"last-modified": "2025-11-06 16:09:41","name":"v-20250930_lab.xml","type":"text.gif","size":"1124777"},{"last-modified": "2025-11-06 16:09:41","name":"v-20250930_pre.xml","type":"text.gif","size":"830750"},{"last-modified": "2025-11-06 16:09:41","name":"vex211093025.htm","type":"text.gif","size":"4838"},{"last-modified": "2025-11-06 16:09:41","name":"vex231093025.htm","type":"text.gif","size":"2389"},{"last-modified": "2025-11-06 16:09:41","name":"vex31193025.htm","type":"text.gif","size":"12605"},{"last-modified": "2025-11-06 16:09:41","name":"vex31293025.htm","type":"text.gif","size":"12565"},{"last-modified": "2025-11-06 16:09:41","name":"vex32193025.htm","type":"text.gif","size":"9853"},{"last-modified": "2025-11-06 16:09:41","name":"vex42593025.htm","type":"text.gif","size":"123345"}],"name":"\/Archives\/edgar\/data\/1403161\/000140316125000089","parent-dir":"\/Archives\/edgar\/data\/1403161"}}