{"directory":{"item":[{"last-modified": "2025-02-19 10:10:59","name":"0000059478-25-000067-index-headers.html","type":"text.gif","size":""},{"last-modified": "2025-02-19 10:10:59","name":"0000059478-25-000067-index.html","type":"text.gif","size":""},{"last-modified": "2025-02-19 10:10:59","name":"0000059478-25-000067.txt","type":"text.gif","size":""},{"last-modified": "2025-02-19 10:10:59","name":"0000059478-25-000067-xbrl.zip","type":"compressed.gif","size":"651634"},{"last-modified": "2025-02-19 10:10:59","name":"FilingSummary.xml","type":"text.gif","size":"63174"},{"last-modified": "2025-02-19 10:10:59","name":"Financial_Report.xlsx","type":"text.gif","size":"212512"},{"last-modified": "2025-02-19 10:10:59","name":"lly-20241231.htm","type":"text.gif","size":"3200073"},{"last-modified": "2025-02-19 10:10:59","name":"lly-20241231.xsd","type":"text.gif","size":"93086"},{"last-modified": "2025-02-19 10:10:59","name":"lly-20241231x10kexhibit103.htm","type":"text.gif","size":"126308"},{"last-modified": "2025-02-19 10:10:59","name":"lly-20241231x10kexhibit104.htm","type":"text.gif","size":"134660"},{"last-modified": "2025-02-19 10:10:59","name":"lly-20241231x10kexhibit105.htm","type":"text.gif","size":"127381"},{"last-modified": "2025-02-19 10:10:59","name":"lly-20241231x10kexhibit107.htm","type":"text.gif","size":"112196"},{"last-modified": "2025-02-19 10:10:59","name":"lly-20241231x10kexhibit108.htm","type":"text.gif","size":"144423"},{"last-modified": "2025-02-19 10:10:59","name":"lly-20241231x10kexhibit19.htm","type":"text.gif","size":"117996"},{"last-modified": "2025-02-19 10:10:59","name":"lly-20241231x10kexhibit21.htm","type":"text.gif","size":"79273"},{"last-modified": "2025-02-19 10:10:59","name":"lly-20241231x10kexhibit23.htm","type":"text.gif","size":"2190"},{"last-modified": "2025-02-19 10:10:59","name":"lly-20241231x10kexhibit311.htm","type":"text.gif","size":"10267"},{"last-modified": "2025-02-19 10:10:59","name":"lly-20241231x10kexhibit312.htm","type":"text.gif","size":"10204"},{"last-modified": "2025-02-19 10:10:59","name":"lly-20241231x10kexhibit32.htm","type":"text.gif","size":"7107"},{"last-modified": "2025-02-19 10:10:59","name":"lly-20241231_cal.xml","type":"text.gif","size":"135023"},{"last-modified": "2025-02-19 10:10:59","name":"lly-20241231_def.xml","type":"text.gif","size":"485893"},{"last-modified": "2025-02-19 10:10:59","name":"lly-20241231_g1.jpg","type":"image2.gif","size":"89891"},{"last-modified": "2025-02-19 10:10:59","name":"lly-20241231_htm.xml","type":"text.gif","size":"3777318"},{"last-modified": "2025-02-19 10:10:59","name":"lly-20241231_lab.xml","type":"text.gif","size":"1183846"},{"last-modified": "2025-02-19 10:10:59","name":"lly-20241231_pre.xml","type":"text.gif","size":"825614"},{"last-modified": "2025-02-19 10:10:59","name":"MetaLinks.json","type":"text.gif","size":"1460224"},{"last-modified": "2025-02-19 10:10:59","name":"R1.htm","type":"text.gif","size":"94856"},{"last-modified": "2025-02-19 10:10:59","name":"R10.htm","type":"text.gif","size":"15405"},{"last-modified": "2025-02-19 10:10:59","name":"R100.htm","type":"text.gif","size":"156604"},{"last-modified": "2025-02-19 10:10:59","name":"R101.htm","type":"text.gif","size":"19502"},{"last-modified": "2025-02-19 10:10:59","name":"R102.htm","type":"text.gif","size":"34956"},{"last-modified": "2025-02-19 10:10:59","name":"R103.htm","type":"text.gif","size":"19010"},{"last-modified": "2025-02-19 10:10:59","name":"R104.htm","type":"text.gif","size":"40642"},{"last-modified": "2025-02-19 10:10:59","name":"R105.htm","type":"text.gif","size":"16419"},{"last-modified": "2025-02-19 10:10:59","name":"R106.htm","type":"text.gif","size":"89805"},{"last-modified": "2025-02-19 10:10:59","name":"R11.htm","type":"text.gif","size":"159357"},{"last-modified": "2025-02-19 10:10:59","name":"R12.htm","type":"text.gif","size":"105724"},{"last-modified": "2025-02-19 10:10:59","name":"R13.htm","type":"text.gif","size":"32243"},{"last-modified": "2025-02-19 10:10:59","name":"R14.htm","type":"text.gif","size":"5585"},{"last-modified": "2025-02-19 10:10:59","name":"R15.htm","type":"text.gif","size":"15290"},{"last-modified": "2025-02-19 10:10:59","name":"R16.htm","type":"text.gif","size":"279519"},{"last-modified": "2025-02-19 10:10:59","name":"R17.htm","type":"text.gif","size":"40440"},{"last-modified": "2025-02-19 10:10:59","name":"R18.htm","type":"text.gif","size":"30077"},{"last-modified": "2025-02-19 10:10:59","name":"R19.htm","type":"text.gif","size":"50629"},{"last-modified": "2025-02-19 10:10:59","name":"R2.htm","type":"text.gif","size":"7803"},{"last-modified": "2025-02-19 10:10:59","name":"R20.htm","type":"text.gif","size":"92990"},{"last-modified": "2025-02-19 10:10:59","name":"R21.htm","type":"text.gif","size":"32338"},{"last-modified": "2025-02-19 10:10:59","name":"R22.htm","type":"text.gif","size":"10975"},{"last-modified": "2025-02-19 10:10:59","name":"R23.htm","type":"text.gif","size":"101208"},{"last-modified": "2025-02-19 10:10:59","name":"R24.htm","type":"text.gif","size":"296315"},{"last-modified": "2025-02-19 10:10:59","name":"R25.htm","type":"text.gif","size":"31172"},{"last-modified": "2025-02-19 10:10:59","name":"R26.htm","type":"text.gif","size":"80307"},{"last-modified": "2025-02-19 10:10:59","name":"R27.htm","type":"text.gif","size":"17632"},{"last-modified": "2025-02-19 10:10:59","name":"R28.htm","type":"text.gif","size":"49386"},{"last-modified": "2025-02-19 10:10:59","name":"R29.htm","type":"text.gif","size":"14637"},{"last-modified": "2025-02-19 10:10:59","name":"R3.htm","type":"text.gif","size":"73206"},{"last-modified": "2025-02-19 10:10:59","name":"R30.htm","type":"text.gif","size":"21850"},{"last-modified": "2025-02-19 10:10:59","name":"R31.htm","type":"text.gif","size":"4387"},{"last-modified": "2025-02-19 10:10:59","name":"R32.htm","type":"text.gif","size":"41405"},{"last-modified": "2025-02-19 10:10:59","name":"R33.htm","type":"text.gif","size":"72183"},{"last-modified": "2025-02-19 10:10:59","name":"R34.htm","type":"text.gif","size":"138925"},{"last-modified": "2025-02-19 10:10:59","name":"R35.htm","type":"text.gif","size":"46944"},{"last-modified": "2025-02-19 10:10:59","name":"R36.htm","type":"text.gif","size":"18243"},{"last-modified": "2025-02-19 10:10:59","name":"R37.htm","type":"text.gif","size":"14719"},{"last-modified": "2025-02-19 10:10:59","name":"R38.htm","type":"text.gif","size":"286660"},{"last-modified": "2025-02-19 10:10:59","name":"R39.htm","type":"text.gif","size":"61498"},{"last-modified": "2025-02-19 10:10:59","name":"R4.htm","type":"text.gif","size":"41697"},{"last-modified": "2025-02-19 10:10:59","name":"R40.htm","type":"text.gif","size":"30294"},{"last-modified": "2025-02-19 10:10:59","name":"R41.htm","type":"text.gif","size":"25568"},{"last-modified": "2025-02-19 10:10:59","name":"R42.htm","type":"text.gif","size":"89062"},{"last-modified": "2025-02-19 10:10:59","name":"R43.htm","type":"text.gif","size":"25199"},{"last-modified": "2025-02-19 10:10:59","name":"R44.htm","type":"text.gif","size":"100712"},{"last-modified": "2025-02-19 10:10:59","name":"R45.htm","type":"text.gif","size":"295273"},{"last-modified": "2025-02-19 10:10:59","name":"R46.htm","type":"text.gif","size":"80724"},{"last-modified": "2025-02-19 10:10:59","name":"R47.htm","type":"text.gif","size":"17309"},{"last-modified": "2025-02-19 10:10:59","name":"R48.htm","type":"text.gif","size":"41326"},{"last-modified": "2025-02-19 10:10:59","name":"R49.htm","type":"text.gif","size":"6491"},{"last-modified": "2025-02-19 10:10:59","name":"R5.htm","type":"text.gif","size":"143395"},{"last-modified": "2025-02-19 10:10:59","name":"R50.htm","type":"text.gif","size":"18454"},{"last-modified": "2025-02-19 10:10:59","name":"R51.htm","type":"text.gif","size":"33446"},{"last-modified": "2025-02-19 10:10:59","name":"R52.htm","type":"text.gif","size":"4906"},{"last-modified": "2025-02-19 10:10:59","name":"R53.htm","type":"text.gif","size":"109208"},{"last-modified": "2025-02-19 10:10:59","name":"R54.htm","type":"text.gif","size":"24375"},{"last-modified": "2025-02-19 10:10:59","name":"R55.htm","type":"text.gif","size":"29647"},{"last-modified": "2025-02-19 10:10:59","name":"R56.htm","type":"text.gif","size":"44500"},{"last-modified": "2025-02-19 10:10:59","name":"R57.htm","type":"text.gif","size":"22581"},{"last-modified": "2025-02-19 10:10:59","name":"R58.htm","type":"text.gif","size":"20957"},{"last-modified": "2025-02-19 10:10:59","name":"R59.htm","type":"text.gif","size":"55154"},{"last-modified": "2025-02-19 10:10:59","name":"R6.htm","type":"text.gif","size":"9297"},{"last-modified": "2025-02-19 10:10:59","name":"R60.htm","type":"text.gif","size":"10035"},{"last-modified": "2025-02-19 10:10:59","name":"R61.htm","type":"text.gif","size":"17855"},{"last-modified": "2025-02-19 10:10:59","name":"R62.htm","type":"text.gif","size":"45364"},{"last-modified": "2025-02-19 10:10:59","name":"R63.htm","type":"text.gif","size":"17088"},{"last-modified": "2025-02-19 10:10:59","name":"R64.htm","type":"text.gif","size":"11141"},{"last-modified": "2025-02-19 10:10:59","name":"R65.htm","type":"text.gif","size":"93158"},{"last-modified": "2025-02-19 10:10:59","name":"R66.htm","type":"text.gif","size":"29221"},{"last-modified": "2025-02-19 10:10:59","name":"R67.htm","type":"text.gif","size":"19212"},{"last-modified": "2025-02-19 10:10:59","name":"R68.htm","type":"text.gif","size":"35844"},{"last-modified": "2025-02-19 10:10:59","name":"R69.htm","type":"text.gif","size":"95726"},{"last-modified": "2025-02-19 10:10:59","name":"R7.htm","type":"text.gif","size":"83481"},{"last-modified": "2025-02-19 10:10:59","name":"R70.htm","type":"text.gif","size":"15915"},{"last-modified": "2025-02-19 10:10:59","name":"R71.htm","type":"text.gif","size":"28425"},{"last-modified": "2025-02-19 10:10:59","name":"R72.htm","type":"text.gif","size":"5652"},{"last-modified": "2025-02-19 10:10:59","name":"R73.htm","type":"text.gif","size":"15705"},{"last-modified": "2025-02-19 10:10:59","name":"R74.htm","type":"text.gif","size":"11525"},{"last-modified": "2025-02-19 10:10:59","name":"R75.htm","type":"text.gif","size":"18694"},{"last-modified": "2025-02-19 10:10:59","name":"R76.htm","type":"text.gif","size":"4872"},{"last-modified": "2025-02-19 10:10:59","name":"R77.htm","type":"text.gif","size":"10769"},{"last-modified": "2025-02-19 10:10:59","name":"R78.htm","type":"text.gif","size":"7126"},{"last-modified": "2025-02-19 10:10:59","name":"R79.htm","type":"text.gif","size":"23958"},{"last-modified": "2025-02-19 10:10:59","name":"R8.htm","type":"text.gif","size":"4590"},{"last-modified": "2025-02-19 10:10:59","name":"R80.htm","type":"text.gif","size":"22112"},{"last-modified": "2025-02-19 10:10:59","name":"R81.htm","type":"text.gif","size":"19102"},{"last-modified": "2025-02-19 10:10:59","name":"R82.htm","type":"text.gif","size":"106973"},{"last-modified": "2025-02-19 10:10:59","name":"R83.htm","type":"text.gif","size":"150556"},{"last-modified": "2025-02-19 10:10:59","name":"R84.htm","type":"text.gif","size":"15870"},{"last-modified": "2025-02-19 10:10:59","name":"R85.htm","type":"text.gif","size":"5284"},{"last-modified": "2025-02-19 10:10:59","name":"R86.htm","type":"text.gif","size":"7014"},{"last-modified": "2025-02-19 10:10:59","name":"R87.htm","type":"text.gif","size":"43174"},{"last-modified": "2025-02-19 10:10:59","name":"R88.htm","type":"text.gif","size":"22132"},{"last-modified": "2025-02-19 10:10:59","name":"R89.htm","type":"text.gif","size":"20945"},{"last-modified": "2025-02-19 10:10:59","name":"R9.htm","type":"text.gif","size":"92960"},{"last-modified": "2025-02-19 10:10:59","name":"R90.htm","type":"text.gif","size":"30926"},{"last-modified": "2025-02-19 10:10:59","name":"R91.htm","type":"text.gif","size":"46246"},{"last-modified": "2025-02-19 10:10:59","name":"R92.htm","type":"text.gif","size":"45549"},{"last-modified": "2025-02-19 10:10:59","name":"R93.htm","type":"text.gif","size":"5523"},{"last-modified": "2025-02-19 10:10:59","name":"R94.htm","type":"text.gif","size":"30753"},{"last-modified": "2025-02-19 10:10:59","name":"R95.htm","type":"text.gif","size":"21381"},{"last-modified": "2025-02-19 10:10:59","name":"R96.htm","type":"text.gif","size":"73183"},{"last-modified": "2025-02-19 10:10:59","name":"R97.htm","type":"text.gif","size":"20991"},{"last-modified": "2025-02-19 10:10:59","name":"R98.htm","type":"text.gif","size":"20621"},{"last-modified": "2025-02-19 10:10:59","name":"R99.htm","type":"text.gif","size":"79948"},{"last-modified": "2025-02-19 10:10:59","name":"report.css","type":"text.gif","size":"2768"},{"last-modified": "2025-02-19 10:10:59","name":"Show.js","type":"text.gif","size":"1086"}],"name":"\/Archives\/edgar\/data\/59478\/000005947825000067","parent-dir":"\/Archives\/edgar\/data\/59478"}}