{"directory":{"item":[{"last-modified": "2025-02-04 20:41:40","name":"0001652044-25-000014-index-headers.html","type":"text.gif","size":""},{"last-modified": "2025-02-04 20:41:40","name":"0001652044-25-000014-index.html","type":"text.gif","size":""},{"last-modified": "2025-02-04 20:41:40","name":"0001652044-25-000014.txt","type":"text.gif","size":""},{"last-modified": "2025-02-04 20:41:40","name":"0001652044-25-000014-xbrl.zip","type":"compressed.gif","size":"678483"},{"last-modified": "2025-02-04 20:41:40","name":"FilingSummary.xml","type":"text.gif","size":"55728"},{"last-modified": "2025-02-04 20:41:40","name":"Financial_Report.xlsx","type":"text.gif","size":"162735"},{"last-modified": "2025-02-04 20:41:40","name":"goog-20241231.htm","type":"text.gif","size":"2528344"},{"last-modified": "2025-02-04 20:41:40","name":"goog-20241231.xsd","type":"text.gif","size":"75667"},{"last-modified": "2025-02-04 20:41:40","name":"goog-20241231_cal.xml","type":"text.gif","size":"166408"},{"last-modified": "2025-02-04 20:41:40","name":"goog-20241231_def.xml","type":"text.gif","size":"359645"},{"last-modified": "2025-02-04 20:41:40","name":"goog-20241231_g1.jpg","type":"image2.gif","size":"150264"},{"last-modified": "2025-02-04 20:41:40","name":"goog-20241231_g2.jpg","type":"image2.gif","size":"150489"},{"last-modified": "2025-02-04 20:41:40","name":"goog-20241231_htm.xml","type":"text.gif","size":"2703015"},{"last-modified": "2025-02-04 20:41:40","name":"goog-20241231_lab.xml","type":"text.gif","size":"1021856"},{"last-modified": "2025-02-04 20:41:40","name":"goog-20241231_pre.xml","type":"text.gif","size":"698397"},{"last-modified": "2025-02-04 20:41:40","name":"googexhibit1901q42024.htm","type":"text.gif","size":"23001"},{"last-modified": "2025-02-04 20:41:40","name":"googexhibit2101q42024.htm","type":"text.gif","size":"3453"},{"last-modified": "2025-02-04 20:41:40","name":"googexhibit2301q42024.htm","type":"text.gif","size":"8296"},{"last-modified": "2025-02-04 20:41:40","name":"googexhibit3101q42024.htm","type":"text.gif","size":"10919"},{"last-modified": "2025-02-04 20:41:40","name":"googexhibit3102q42024.htm","type":"text.gif","size":"10676"},{"last-modified": "2025-02-04 20:41:40","name":"googexhibit3201q42024.htm","type":"text.gif","size":"9138"},{"last-modified": "2025-02-04 20:41:40","name":"MetaLinks.json","type":"text.gif","size":"1354644"},{"last-modified": "2025-02-04 20:41:40","name":"R1.htm","type":"text.gif","size":"72467"},{"last-modified": "2025-02-04 20:41:40","name":"R10.htm","type":"text.gif","size":"4328"},{"last-modified": "2025-02-04 20:41:40","name":"R11.htm","type":"text.gif","size":"62462"},{"last-modified": "2025-02-04 20:41:40","name":"R12.htm","type":"text.gif","size":"51395"},{"last-modified": "2025-02-04 20:41:40","name":"R13.htm","type":"text.gif","size":"314222"},{"last-modified": "2025-02-04 20:41:40","name":"R14.htm","type":"text.gif","size":"137895"},{"last-modified": "2025-02-04 20:41:40","name":"R15.htm","type":"text.gif","size":"8946"},{"last-modified": "2025-02-04 20:41:40","name":"R16.htm","type":"text.gif","size":"37976"},{"last-modified": "2025-02-04 20:41:40","name":"R17.htm","type":"text.gif","size":"101345"},{"last-modified": "2025-02-04 20:41:40","name":"R18.htm","type":"text.gif","size":"5745"},{"last-modified": "2025-02-04 20:41:40","name":"R19.htm","type":"text.gif","size":"22992"},{"last-modified": "2025-02-04 20:41:40","name":"R2.htm","type":"text.gif","size":"7800"},{"last-modified": "2025-02-04 20:41:40","name":"R20.htm","type":"text.gif","size":"28695"},{"last-modified": "2025-02-04 20:41:40","name":"R21.htm","type":"text.gif","size":"23318"},{"last-modified": "2025-02-04 20:41:40","name":"R22.htm","type":"text.gif","size":"150615"},{"last-modified": "2025-02-04 20:41:40","name":"R23.htm","type":"text.gif","size":"17105"},{"last-modified": "2025-02-04 20:41:40","name":"R24.htm","type":"text.gif","size":"92493"},{"last-modified": "2025-02-04 20:41:40","name":"R25.htm","type":"text.gif","size":"58534"},{"last-modified": "2025-02-04 20:41:40","name":"R26.htm","type":"text.gif","size":"5224"},{"last-modified": "2025-02-04 20:41:40","name":"R27.htm","type":"text.gif","size":"15804"},{"last-modified": "2025-02-04 20:41:40","name":"R28.htm","type":"text.gif","size":"14634"},{"last-modified": "2025-02-04 20:41:40","name":"R29.htm","type":"text.gif","size":"30053"},{"last-modified": "2025-02-04 20:41:40","name":"R3.htm","type":"text.gif","size":"112485"},{"last-modified": "2025-02-04 20:41:40","name":"R30.htm","type":"text.gif","size":"4387"},{"last-modified": "2025-02-04 20:41:40","name":"R31.htm","type":"text.gif","size":"43279"},{"last-modified": "2025-02-04 20:41:40","name":"R32.htm","type":"text.gif","size":"141222"},{"last-modified": "2025-02-04 20:41:40","name":"R33.htm","type":"text.gif","size":"48280"},{"last-modified": "2025-02-04 20:41:40","name":"R34.htm","type":"text.gif","size":"351560"},{"last-modified": "2025-02-04 20:41:40","name":"R35.htm","type":"text.gif","size":"88832"},{"last-modified": "2025-02-04 20:41:40","name":"R36.htm","type":"text.gif","size":"31374"},{"last-modified": "2025-02-04 20:41:40","name":"R37.htm","type":"text.gif","size":"107650"},{"last-modified": "2025-02-04 20:41:40","name":"R38.htm","type":"text.gif","size":"25373"},{"last-modified": "2025-02-04 20:41:40","name":"R39.htm","type":"text.gif","size":"14842"},{"last-modified": "2025-02-04 20:41:40","name":"R4.htm","type":"text.gif","size":"30438"},{"last-modified": "2025-02-04 20:41:40","name":"R40.htm","type":"text.gif","size":"147466"},{"last-modified": "2025-02-04 20:41:40","name":"R41.htm","type":"text.gif","size":"12559"},{"last-modified": "2025-02-04 20:41:40","name":"R42.htm","type":"text.gif","size":"90256"},{"last-modified": "2025-02-04 20:41:40","name":"R43.htm","type":"text.gif","size":"48407"},{"last-modified": "2025-02-04 20:41:40","name":"R44.htm","type":"text.gif","size":"21020"},{"last-modified": "2025-02-04 20:41:40","name":"R45.htm","type":"text.gif","size":"27459"},{"last-modified": "2025-02-04 20:41:40","name":"R46.htm","type":"text.gif","size":"34011"},{"last-modified": "2025-02-04 20:41:40","name":"R47.htm","type":"text.gif","size":"18108"},{"last-modified": "2025-02-04 20:41:40","name":"R48.htm","type":"text.gif","size":"60835"},{"last-modified": "2025-02-04 20:41:40","name":"R49.htm","type":"text.gif","size":"18701"},{"last-modified": "2025-02-04 20:41:40","name":"R5.htm","type":"text.gif","size":"66462"},{"last-modified": "2025-02-04 20:41:40","name":"R50.htm","type":"text.gif","size":"17034"},{"last-modified": "2025-02-04 20:41:40","name":"R51.htm","type":"text.gif","size":"30256"},{"last-modified": "2025-02-04 20:41:40","name":"R52.htm","type":"text.gif","size":"13050"},{"last-modified": "2025-02-04 20:41:40","name":"R53.htm","type":"text.gif","size":"27067"},{"last-modified": "2025-02-04 20:41:40","name":"R54.htm","type":"text.gif","size":"15158"},{"last-modified": "2025-02-04 20:41:40","name":"R55.htm","type":"text.gif","size":"7441"},{"last-modified": "2025-02-04 20:41:40","name":"R56.htm","type":"text.gif","size":"16791"},{"last-modified": "2025-02-04 20:41:40","name":"R57.htm","type":"text.gif","size":"35700"},{"last-modified": "2025-02-04 20:41:40","name":"R58.htm","type":"text.gif","size":"73277"},{"last-modified": "2025-02-04 20:41:40","name":"R59.htm","type":"text.gif","size":"58124"},{"last-modified": "2025-02-04 20:41:40","name":"R6.htm","type":"text.gif","size":"46116"},{"last-modified": "2025-02-04 20:41:40","name":"R60.htm","type":"text.gif","size":"17064"},{"last-modified": "2025-02-04 20:41:40","name":"R61.htm","type":"text.gif","size":"46091"},{"last-modified": "2025-02-04 20:41:40","name":"R62.htm","type":"text.gif","size":"15560"},{"last-modified": "2025-02-04 20:41:40","name":"R63.htm","type":"text.gif","size":"40379"},{"last-modified": "2025-02-04 20:41:40","name":"R64.htm","type":"text.gif","size":"13948"},{"last-modified": "2025-02-04 20:41:40","name":"R65.htm","type":"text.gif","size":"38788"},{"last-modified": "2025-02-04 20:41:40","name":"R66.htm","type":"text.gif","size":"31985"},{"last-modified": "2025-02-04 20:41:40","name":"R67.htm","type":"text.gif","size":"32102"},{"last-modified": "2025-02-04 20:41:40","name":"R68.htm","type":"text.gif","size":"22708"},{"last-modified": "2025-02-04 20:41:40","name":"R69.htm","type":"text.gif","size":"5922"},{"last-modified": "2025-02-04 20:41:40","name":"R7.htm","type":"text.gif","size":"10778"},{"last-modified": "2025-02-04 20:41:40","name":"R70.htm","type":"text.gif","size":"19605"},{"last-modified": "2025-02-04 20:41:40","name":"R71.htm","type":"text.gif","size":"23199"},{"last-modified": "2025-02-04 20:41:40","name":"R72.htm","type":"text.gif","size":"34525"},{"last-modified": "2025-02-04 20:41:40","name":"R73.htm","type":"text.gif","size":"40907"},{"last-modified": "2025-02-04 20:41:40","name":"R74.htm","type":"text.gif","size":"23867"},{"last-modified": "2025-02-04 20:41:40","name":"R75.htm","type":"text.gif","size":"14663"},{"last-modified": "2025-02-04 20:41:40","name":"R76.htm","type":"text.gif","size":"20472"},{"last-modified": "2025-02-04 20:41:40","name":"R77.htm","type":"text.gif","size":"21737"},{"last-modified": "2025-02-04 20:41:40","name":"R78.htm","type":"text.gif","size":"32869"},{"last-modified": "2025-02-04 20:41:40","name":"R79.htm","type":"text.gif","size":"15721"},{"last-modified": "2025-02-04 20:41:40","name":"R8.htm","type":"text.gif","size":"59675"},{"last-modified": "2025-02-04 20:41:40","name":"R80.htm","type":"text.gif","size":"79810"},{"last-modified": "2025-02-04 20:41:40","name":"R81.htm","type":"text.gif","size":"15791"},{"last-modified": "2025-02-04 20:41:40","name":"R82.htm","type":"text.gif","size":"10848"},{"last-modified": "2025-02-04 20:41:40","name":"R83.htm","type":"text.gif","size":"33595"},{"last-modified": "2025-02-04 20:41:40","name":"R84.htm","type":"text.gif","size":"12651"},{"last-modified": "2025-02-04 20:41:40","name":"R85.htm","type":"text.gif","size":"22613"},{"last-modified": "2025-02-04 20:41:40","name":"R86.htm","type":"text.gif","size":"30928"},{"last-modified": "2025-02-04 20:41:40","name":"R87.htm","type":"text.gif","size":"35173"},{"last-modified": "2025-02-04 20:41:40","name":"R88.htm","type":"text.gif","size":"28106"},{"last-modified": "2025-02-04 20:41:40","name":"R89.htm","type":"text.gif","size":"15187"},{"last-modified": "2025-02-04 20:41:40","name":"R9.htm","type":"text.gif","size":"86559"},{"last-modified": "2025-02-04 20:41:40","name":"R90.htm","type":"text.gif","size":"33114"},{"last-modified": "2025-02-04 20:41:40","name":"R91.htm","type":"text.gif","size":"8770"},{"last-modified": "2025-02-04 20:41:40","name":"R92.htm","type":"text.gif","size":"9881"},{"last-modified": "2025-02-04 20:41:40","name":"R93.htm","type":"text.gif","size":"10532"},{"last-modified": "2025-02-04 20:41:40","name":"report.css","type":"text.gif","size":"2768"},{"last-modified": "2025-02-04 20:41:40","name":"Show.js","type":"text.gif","size":"1086"}],"name":"\/Archives\/edgar\/data\/1652044\/000165204425000014","parent-dir":"\/Archives\/edgar\/data\/1652044"}}