{"directory":{"item":[{"last-modified": "2025-12-18 16:04:47","name":"0001730168-25-000121-index-headers.html","type":"text.gif","size":""},{"last-modified": "2025-12-18 16:04:47","name":"0001730168-25-000121-index.html","type":"text.gif","size":""},{"last-modified": "2025-12-18 16:04:47","name":"0001730168-25-000121.txt","type":"text.gif","size":""},{"last-modified": "2025-12-18 16:04:47","name":"0001730168-25-000121-xbrl.zip","type":"compressed.gif","size":"535850"},{"last-modified": "2025-12-18 16:04:47","name":"avgo-20251102.htm","type":"text.gif","size":"2700028"},{"last-modified": "2025-12-18 16:04:47","name":"avgo-20251102.xsd","type":"text.gif","size":"89672"},{"last-modified": "2025-12-18 16:04:47","name":"avgo-20251102_cal.xml","type":"text.gif","size":"124684"},{"last-modified": "2025-12-18 16:04:47","name":"avgo-20251102_def.xml","type":"text.gif","size":"509705"},{"last-modified": "2025-12-18 16:04:47","name":"avgo-20251102_g1.jpg","type":"image2.gif","size":"91701"},{"last-modified": "2025-12-18 16:04:47","name":"avgo-20251102_htm.xml","type":"text.gif","size":"2702746"},{"last-modified": "2025-12-18 16:04:47","name":"avgo-20251102_lab.xml","type":"text.gif","size":"1170797"},{"last-modified": "2025-12-18 16:04:47","name":"avgo-20251102_pre.xml","type":"text.gif","size":"834934"},{"last-modified": "2025-12-18 16:04:47","name":"ex191insidertradingcomplia.htm","type":"text.gif","size":"66312"},{"last-modified": "2025-12-18 16:04:47","name":"ex211listofsubsidiaries2025.htm","type":"text.gif","size":"7823"},{"last-modified": "2025-12-18 16:04:47","name":"ex231pwcconsentfy25.htm","type":"text.gif","size":"2438"},{"last-modified": "2025-12-18 16:04:47","name":"ex31111022025.htm","type":"text.gif","size":"10050"},{"last-modified": "2025-12-18 16:04:47","name":"ex31211022025.htm","type":"text.gif","size":"10118"},{"last-modified": "2025-12-18 16:04:47","name":"ex32111022025.htm","type":"text.gif","size":"5489"},{"last-modified": "2025-12-18 16:04:47","name":"ex32211022025.htm","type":"text.gif","size":"5526"},{"last-modified": "2025-12-18 16:04:47","name":"FilingSummary.xml","type":"text.gif","size":"63326"},{"last-modified": "2025-12-18 16:04:47","name":"image_0.jpg","type":"image2.gif","size":"17348"},{"last-modified": "2025-12-18 16:04:47","name":"MetaLinks.json","type":"text.gif","size":"1421900"},{"last-modified": "2025-12-18 16:04:47","name":"R1.htm","type":"text.gif","size":"65234"},{"last-modified": "2025-12-18 16:04:47","name":"R10.htm","type":"text.gif","size":"53520"},{"last-modified": "2025-12-18 16:04:47","name":"R11.htm","type":"text.gif","size":"55102"},{"last-modified": "2025-12-18 16:04:47","name":"R12.htm","type":"text.gif","size":"86818"},{"last-modified": "2025-12-18 16:04:47","name":"R13.htm","type":"text.gif","size":"77820"},{"last-modified": "2025-12-18 16:04:47","name":"R14.htm","type":"text.gif","size":"33177"},{"last-modified": "2025-12-18 16:04:47","name":"R15.htm","type":"text.gif","size":"61681"},{"last-modified": "2025-12-18 16:04:47","name":"R16.htm","type":"text.gif","size":"35293"},{"last-modified": "2025-12-18 16:04:47","name":"R17.htm","type":"text.gif","size":"160768"},{"last-modified": "2025-12-18 16:04:47","name":"R18.htm","type":"text.gif","size":"168691"},{"last-modified": "2025-12-18 16:04:47","name":"R19.htm","type":"text.gif","size":"71681"},{"last-modified": "2025-12-18 16:04:47","name":"R2.htm","type":"text.gif","size":"7789"},{"last-modified": "2025-12-18 16:04:47","name":"R20.htm","type":"text.gif","size":"104204"},{"last-modified": "2025-12-18 16:04:47","name":"R21.htm","type":"text.gif","size":"65378"},{"last-modified": "2025-12-18 16:04:47","name":"R22.htm","type":"text.gif","size":"25612"},{"last-modified": "2025-12-18 16:04:47","name":"R23.htm","type":"text.gif","size":"28105"},{"last-modified": "2025-12-18 16:04:47","name":"R24.htm","type":"text.gif","size":"5267"},{"last-modified": "2025-12-18 16:04:47","name":"R25.htm","type":"text.gif","size":"39814"},{"last-modified": "2025-12-18 16:04:47","name":"R26.htm","type":"text.gif","size":"8465"},{"last-modified": "2025-12-18 16:04:47","name":"R27.htm","type":"text.gif","size":"4371"},{"last-modified": "2025-12-18 16:04:47","name":"R28.htm","type":"text.gif","size":"42739"},{"last-modified": "2025-12-18 16:04:47","name":"R29.htm","type":"text.gif","size":"7604"},{"last-modified": "2025-12-18 16:04:47","name":"R3.htm","type":"text.gif","size":"114376"},{"last-modified": "2025-12-18 16:04:47","name":"R30.htm","type":"text.gif","size":"124906"},{"last-modified": "2025-12-18 16:04:47","name":"R31.htm","type":"text.gif","size":"8014"},{"last-modified": "2025-12-18 16:04:47","name":"R32.htm","type":"text.gif","size":"46168"},{"last-modified": "2025-12-18 16:04:47","name":"R33.htm","type":"text.gif","size":"84351"},{"last-modified": "2025-12-18 16:04:47","name":"R34.htm","type":"text.gif","size":"88035"},{"last-modified": "2025-12-18 16:04:47","name":"R35.htm","type":"text.gif","size":"36553"},{"last-modified": "2025-12-18 16:04:47","name":"R36.htm","type":"text.gif","size":"70029"},{"last-modified": "2025-12-18 16:04:47","name":"R37.htm","type":"text.gif","size":"34909"},{"last-modified": "2025-12-18 16:04:47","name":"R38.htm","type":"text.gif","size":"159671"},{"last-modified": "2025-12-18 16:04:47","name":"R39.htm","type":"text.gif","size":"156624"},{"last-modified": "2025-12-18 16:04:47","name":"R4.htm","type":"text.gif","size":"22088"},{"last-modified": "2025-12-18 16:04:47","name":"R40.htm","type":"text.gif","size":"66215"},{"last-modified": "2025-12-18 16:04:47","name":"R41.htm","type":"text.gif","size":"102974"},{"last-modified": "2025-12-18 16:04:47","name":"R42.htm","type":"text.gif","size":"54643"},{"last-modified": "2025-12-18 16:04:47","name":"R43.htm","type":"text.gif","size":"15303"},{"last-modified": "2025-12-18 16:04:47","name":"R44.htm","type":"text.gif","size":"25888"},{"last-modified": "2025-12-18 16:04:47","name":"R45.htm","type":"text.gif","size":"8718"},{"last-modified": "2025-12-18 16:04:47","name":"R46.htm","type":"text.gif","size":"23054"},{"last-modified": "2025-12-18 16:04:47","name":"R47.htm","type":"text.gif","size":"30781"},{"last-modified": "2025-12-18 16:04:47","name":"R48.htm","type":"text.gif","size":"13372"},{"last-modified": "2025-12-18 16:04:47","name":"R49.htm","type":"text.gif","size":"10667"},{"last-modified": "2025-12-18 16:04:47","name":"R5.htm","type":"text.gif","size":"114118"},{"last-modified": "2025-12-18 16:04:47","name":"R50.htm","type":"text.gif","size":"39067"},{"last-modified": "2025-12-18 16:04:47","name":"R51.htm","type":"text.gif","size":"22632"},{"last-modified": "2025-12-18 16:04:47","name":"R52.htm","type":"text.gif","size":"56285"},{"last-modified": "2025-12-18 16:04:47","name":"R53.htm","type":"text.gif","size":"35295"},{"last-modified": "2025-12-18 16:04:47","name":"R54.htm","type":"text.gif","size":"33090"},{"last-modified": "2025-12-18 16:04:47","name":"R55.htm","type":"text.gif","size":"8521"},{"last-modified": "2025-12-18 16:04:47","name":"R56.htm","type":"text.gif","size":"9942"},{"last-modified": "2025-12-18 16:04:47","name":"R57.htm","type":"text.gif","size":"10099"},{"last-modified": "2025-12-18 16:04:47","name":"R58.htm","type":"text.gif","size":"11878"},{"last-modified": "2025-12-18 16:04:47","name":"R59.htm","type":"text.gif","size":"21413"},{"last-modified": "2025-12-18 16:04:47","name":"R6.htm","type":"text.gif","size":"29173"},{"last-modified": "2025-12-18 16:04:47","name":"R60.htm","type":"text.gif","size":"11576"},{"last-modified": "2025-12-18 16:04:47","name":"R61.htm","type":"text.gif","size":"13337"},{"last-modified": "2025-12-18 16:04:47","name":"R62.htm","type":"text.gif","size":"12188"},{"last-modified": "2025-12-18 16:04:47","name":"R63.htm","type":"text.gif","size":"10863"},{"last-modified": "2025-12-18 16:04:47","name":"R64.htm","type":"text.gif","size":"20495"},{"last-modified": "2025-12-18 16:04:47","name":"R65.htm","type":"text.gif","size":"45059"},{"last-modified": "2025-12-18 16:04:47","name":"R66.htm","type":"text.gif","size":"24674"},{"last-modified": "2025-12-18 16:04:47","name":"R67.htm","type":"text.gif","size":"30611"},{"last-modified": "2025-12-18 16:04:47","name":"R68.htm","type":"text.gif","size":"20753"},{"last-modified": "2025-12-18 16:04:47","name":"R69.htm","type":"text.gif","size":"13829"},{"last-modified": "2025-12-18 16:04:47","name":"R7.htm","type":"text.gif","size":"94132"},{"last-modified": "2025-12-18 16:04:47","name":"R70.htm","type":"text.gif","size":"74680"},{"last-modified": "2025-12-18 16:04:47","name":"R71.htm","type":"text.gif","size":"20507"},{"last-modified": "2025-12-18 16:04:47","name":"R72.htm","type":"text.gif","size":"64956"},{"last-modified": "2025-12-18 16:04:47","name":"R73.htm","type":"text.gif","size":"9366"},{"last-modified": "2025-12-18 16:04:47","name":"R74.htm","type":"text.gif","size":"10657"},{"last-modified": "2025-12-18 16:04:47","name":"R75.htm","type":"text.gif","size":"14997"},{"last-modified": "2025-12-18 16:04:47","name":"R76.htm","type":"text.gif","size":"59679"},{"last-modified": "2025-12-18 16:04:47","name":"R77.htm","type":"text.gif","size":"9069"},{"last-modified": "2025-12-18 16:04:47","name":"R78.htm","type":"text.gif","size":"20356"},{"last-modified": "2025-12-18 16:04:47","name":"R79.htm","type":"text.gif","size":"12562"},{"last-modified": "2025-12-18 16:04:47","name":"R8.htm","type":"text.gif","size":"82963"},{"last-modified": "2025-12-18 16:04:47","name":"R80.htm","type":"text.gif","size":"211764"},{"last-modified": "2025-12-18 16:04:47","name":"R81.htm","type":"text.gif","size":"66471"},{"last-modified": "2025-12-18 16:04:47","name":"R82.htm","type":"text.gif","size":"21090"},{"last-modified": "2025-12-18 16:04:47","name":"R83.htm","type":"text.gif","size":"6469"},{"last-modified": "2025-12-18 16:04:47","name":"R84.htm","type":"text.gif","size":"22997"},{"last-modified": "2025-12-18 16:04:47","name":"R85.htm","type":"text.gif","size":"43453"},{"last-modified": "2025-12-18 16:04:47","name":"R86.htm","type":"text.gif","size":"38144"},{"last-modified": "2025-12-18 16:04:47","name":"R87.htm","type":"text.gif","size":"20534"},{"last-modified": "2025-12-18 16:04:47","name":"R88.htm","type":"text.gif","size":"42203"},{"last-modified": "2025-12-18 16:04:47","name":"R89.htm","type":"text.gif","size":"12676"},{"last-modified": "2025-12-18 16:04:47","name":"R9.htm","type":"text.gif","size":"9792"},{"last-modified": "2025-12-18 16:04:47","name":"R90.htm","type":"text.gif","size":"29273"},{"last-modified": "2025-12-18 16:04:47","name":"R91.htm","type":"text.gif","size":"41726"},{"last-modified": "2025-12-18 16:04:47","name":"R92.htm","type":"text.gif","size":"33671"},{"last-modified": "2025-12-18 16:04:47","name":"R93.htm","type":"text.gif","size":"18844"},{"last-modified": "2025-12-18 16:04:47","name":"R94.htm","type":"text.gif","size":"32806"},{"last-modified": "2025-12-18 16:04:47","name":"R95.htm","type":"text.gif","size":"85034"},{"last-modified": "2025-12-18 16:04:47","name":"R96.htm","type":"text.gif","size":"35964"},{"last-modified": "2025-12-18 16:04:47","name":"R97.htm","type":"text.gif","size":"24629"},{"last-modified": "2025-12-18 16:04:47","name":"R98.htm","type":"text.gif","size":"12975"},{"last-modified": "2025-12-18 16:04:47","name":"R99.htm","type":"text.gif","size":"19835"},{"last-modified": "2025-12-18 16:04:47","name":"report.css","type":"text.gif","size":"2768"},{"last-modified": "2025-12-18 16:04:47","name":"Show.js","type":"text.gif","size":"1086"}],"name":"\/Archives\/edgar\/data\/1730168\/000173016825000121","parent-dir":"\/Archives\/edgar\/data\/1730168"}}