{"directory":{"item":[{"last-modified": "2025-07-30 16:11:40","name":"0000950170-25-100235-index-headers.html","type":"text.gif","size":""},{"last-modified": "2025-07-30 16:11:40","name":"0000950170-25-100235-index.html","type":"text.gif","size":""},{"last-modified": "2025-07-30 16:11:40","name":"0000950170-25-100235.txt","type":"text.gif","size":""},{"last-modified": "2025-07-30 16:11:40","name":"0000950170-25-100235-xbrl.zip","type":"compressed.gif","size":"547941"},{"last-modified": "2025-07-30 16:11:40","name":"FilingSummary.xml","type":"text.gif","size":"67405"},{"last-modified": "2025-07-30 16:11:40","name":"MetaLinks.json","type":"text.gif","size":"1445699"},{"last-modified": "2025-07-30 16:11:40","name":"msft-20250630.htm","type":"text.gif","size":"8158067"},{"last-modified": "2025-07-30 16:11:40","name":"msft-20250630.xsd","type":"text.gif","size":"2066295"},{"last-modified": "2025-07-30 16:11:40","name":"msft-20250630_htm.xml","type":"text.gif","size":"10533273"},{"last-modified": "2025-07-30 16:11:40","name":"msft-ex10_7.htm","type":"text.gif","size":"202307"},{"last-modified": "2025-07-30 16:11:40","name":"msft-ex10_8.htm","type":"text.gif","size":"291957"},{"last-modified": "2025-07-30 16:11:40","name":"msft-ex21.htm","type":"text.gif","size":"15901"},{"last-modified": "2025-07-30 16:11:40","name":"msft-ex23_1.htm","type":"text.gif","size":"5383"},{"last-modified": "2025-07-30 16:11:40","name":"msft-ex31_1.htm","type":"text.gif","size":"12363"},{"last-modified": "2025-07-30 16:11:40","name":"msft-ex31_2.htm","type":"text.gif","size":"12604"},{"last-modified": "2025-07-30 16:11:40","name":"msft-ex32_1.htm","type":"text.gif","size":"8729"},{"last-modified": "2025-07-30 16:11:40","name":"msft-ex32_2.htm","type":"text.gif","size":"8430"},{"last-modified": "2025-07-30 16:11:40","name":"R1.htm","type":"text.gif","size":"83988"},{"last-modified": "2025-07-30 16:11:40","name":"R10.htm","type":"text.gif","size":"61392"},{"last-modified": "2025-07-30 16:11:40","name":"R100.htm","type":"text.gif","size":"37894"},{"last-modified": "2025-07-30 16:11:40","name":"R101.htm","type":"text.gif","size":"12817"},{"last-modified": "2025-07-30 16:11:40","name":"R102.htm","type":"text.gif","size":"27772"},{"last-modified": "2025-07-30 16:11:40","name":"R103.htm","type":"text.gif","size":"14450"},{"last-modified": "2025-07-30 16:11:40","name":"R104.htm","type":"text.gif","size":"7250"},{"last-modified": "2025-07-30 16:11:40","name":"R105.htm","type":"text.gif","size":"26108"},{"last-modified": "2025-07-30 16:11:40","name":"R106.htm","type":"text.gif","size":"10461"},{"last-modified": "2025-07-30 16:11:40","name":"R107.htm","type":"text.gif","size":"13864"},{"last-modified": "2025-07-30 16:11:40","name":"R108.htm","type":"text.gif","size":"30114"},{"last-modified": "2025-07-30 16:11:40","name":"R109.htm","type":"text.gif","size":"10760"},{"last-modified": "2025-07-30 16:11:40","name":"R11.htm","type":"text.gif","size":"73649"},{"last-modified": "2025-07-30 16:11:40","name":"R110.htm","type":"text.gif","size":"9207"},{"last-modified": "2025-07-30 16:11:40","name":"R12.htm","type":"text.gif","size":"96938"},{"last-modified": "2025-07-30 16:11:40","name":"R13.htm","type":"text.gif","size":"156359"},{"last-modified": "2025-07-30 16:11:40","name":"R14.htm","type":"text.gif","size":"1159331"},{"last-modified": "2025-07-30 16:11:40","name":"R15.htm","type":"text.gif","size":"475514"},{"last-modified": "2025-07-30 16:11:40","name":"R16.htm","type":"text.gif","size":"56368"},{"last-modified": "2025-07-30 16:11:40","name":"R17.htm","type":"text.gif","size":"101201"},{"last-modified": "2025-07-30 16:11:40","name":"R18.htm","type":"text.gif","size":"118617"},{"last-modified": "2025-07-30 16:11:40","name":"R19.htm","type":"text.gif","size":"192743"},{"last-modified": "2025-07-30 16:11:40","name":"R2.htm","type":"text.gif","size":"78262"},{"last-modified": "2025-07-30 16:11:40","name":"R20.htm","type":"text.gif","size":"288434"},{"last-modified": "2025-07-30 16:11:40","name":"R21.htm","type":"text.gif","size":"473865"},{"last-modified": "2025-07-30 16:11:40","name":"R22.htm","type":"text.gif","size":"62594"},{"last-modified": "2025-07-30 16:11:40","name":"R23.htm","type":"text.gif","size":"331299"},{"last-modified": "2025-07-30 16:11:40","name":"R24.htm","type":"text.gif","size":"8192"},{"last-modified": "2025-07-30 16:11:40","name":"R25.htm","type":"text.gif","size":"281459"},{"last-modified": "2025-07-30 16:11:40","name":"R26.htm","type":"text.gif","size":"206275"},{"last-modified": "2025-07-30 16:11:40","name":"R27.htm","type":"text.gif","size":"131998"},{"last-modified": "2025-07-30 16:11:40","name":"R28.htm","type":"text.gif","size":"375538"},{"last-modified": "2025-07-30 16:11:40","name":"R29.htm","type":"text.gif","size":"133335"},{"last-modified": "2025-07-30 16:11:40","name":"R3.htm","type":"text.gif","size":"31800"},{"last-modified": "2025-07-30 16:11:40","name":"R30.htm","type":"text.gif","size":"94780"},{"last-modified": "2025-07-30 16:11:40","name":"R31.htm","type":"text.gif","size":"158877"},{"last-modified": "2025-07-30 16:11:40","name":"R32.htm","type":"text.gif","size":"1158212"},{"last-modified": "2025-07-30 16:11:40","name":"R33.htm","type":"text.gif","size":"469018"},{"last-modified": "2025-07-30 16:11:40","name":"R34.htm","type":"text.gif","size":"51808"},{"last-modified": "2025-07-30 16:11:40","name":"R35.htm","type":"text.gif","size":"100496"},{"last-modified": "2025-07-30 16:11:40","name":"R36.htm","type":"text.gif","size":"115803"},{"last-modified": "2025-07-30 16:11:40","name":"R37.htm","type":"text.gif","size":"194496"},{"last-modified": "2025-07-30 16:11:40","name":"R38.htm","type":"text.gif","size":"280799"},{"last-modified": "2025-07-30 16:11:40","name":"R39.htm","type":"text.gif","size":"461536"},{"last-modified": "2025-07-30 16:11:40","name":"R4.htm","type":"text.gif","size":"121978"},{"last-modified": "2025-07-30 16:11:40","name":"R40.htm","type":"text.gif","size":"58468"},{"last-modified": "2025-07-30 16:11:40","name":"R41.htm","type":"text.gif","size":"331570"},{"last-modified": "2025-07-30 16:11:40","name":"R42.htm","type":"text.gif","size":"273246"},{"last-modified": "2025-07-30 16:11:40","name":"R43.htm","type":"text.gif","size":"204890"},{"last-modified": "2025-07-30 16:11:40","name":"R44.htm","type":"text.gif","size":"124469"},{"last-modified": "2025-07-30 16:11:40","name":"R45.htm","type":"text.gif","size":"359344"},{"last-modified": "2025-07-30 16:11:40","name":"R46.htm","type":"text.gif","size":"41909"},{"last-modified": "2025-07-30 16:11:40","name":"R47.htm","type":"text.gif","size":"38342"},{"last-modified": "2025-07-30 16:11:40","name":"R48.htm","type":"text.gif","size":"18656"},{"last-modified": "2025-07-30 16:11:40","name":"R49.htm","type":"text.gif","size":"14974"},{"last-modified": "2025-07-30 16:11:40","name":"R5.htm","type":"text.gif","size":"13117"},{"last-modified": "2025-07-30 16:11:40","name":"R50.htm","type":"text.gif","size":"15136"},{"last-modified": "2025-07-30 16:11:40","name":"R51.htm","type":"text.gif","size":"106239"},{"last-modified": "2025-07-30 16:11:40","name":"R52.htm","type":"text.gif","size":"8103"},{"last-modified": "2025-07-30 16:11:40","name":"R53.htm","type":"text.gif","size":"39017"},{"last-modified": "2025-07-30 16:11:40","name":"R54.htm","type":"text.gif","size":"29458"},{"last-modified": "2025-07-30 16:11:40","name":"R55.htm","type":"text.gif","size":"17474"},{"last-modified": "2025-07-30 16:11:40","name":"R56.htm","type":"text.gif","size":"20388"},{"last-modified": "2025-07-30 16:11:40","name":"R57.htm","type":"text.gif","size":"92916"},{"last-modified": "2025-07-30 16:11:40","name":"R58.htm","type":"text.gif","size":"23795"},{"last-modified": "2025-07-30 16:11:40","name":"R59.htm","type":"text.gif","size":"8066"},{"last-modified": "2025-07-30 16:11:40","name":"R6.htm","type":"text.gif","size":"90049"},{"last-modified": "2025-07-30 16:11:40","name":"R60.htm","type":"text.gif","size":"20181"},{"last-modified": "2025-07-30 16:11:40","name":"R61.htm","type":"text.gif","size":"12087"},{"last-modified": "2025-07-30 16:11:40","name":"R62.htm","type":"text.gif","size":"8746"},{"last-modified": "2025-07-30 16:11:40","name":"R63.htm","type":"text.gif","size":"26798"},{"last-modified": "2025-07-30 16:11:40","name":"R64.htm","type":"text.gif","size":"23074"},{"last-modified": "2025-07-30 16:11:40","name":"R65.htm","type":"text.gif","size":"10795"},{"last-modified": "2025-07-30 16:11:40","name":"R66.htm","type":"text.gif","size":"23176"},{"last-modified": "2025-07-30 16:11:40","name":"R67.htm","type":"text.gif","size":"9114"},{"last-modified": "2025-07-30 16:11:40","name":"R68.htm","type":"text.gif","size":"23419"},{"last-modified": "2025-07-30 16:11:40","name":"R69.htm","type":"text.gif","size":"18205"},{"last-modified": "2025-07-30 16:11:40","name":"R7.htm","type":"text.gif","size":"45712"},{"last-modified": "2025-07-30 16:11:40","name":"R70.htm","type":"text.gif","size":"5624"},{"last-modified": "2025-07-30 16:11:40","name":"R71.htm","type":"text.gif","size":"20678"},{"last-modified": "2025-07-30 16:11:40","name":"R72.htm","type":"text.gif","size":"104169"},{"last-modified": "2025-07-30 16:11:40","name":"R73.htm","type":"text.gif","size":"43451"},{"last-modified": "2025-07-30 16:11:40","name":"R74.htm","type":"text.gif","size":"27403"},{"last-modified": "2025-07-30 16:11:40","name":"R75.htm","type":"text.gif","size":"21581"},{"last-modified": "2025-07-30 16:11:40","name":"R76.htm","type":"text.gif","size":"29097"},{"last-modified": "2025-07-30 16:11:40","name":"R77.htm","type":"text.gif","size":"12566"},{"last-modified": "2025-07-30 16:11:40","name":"R78.htm","type":"text.gif","size":"27958"},{"last-modified": "2025-07-30 16:11:40","name":"R79.htm","type":"text.gif","size":"37023"},{"last-modified": "2025-07-30 16:11:40","name":"R8.htm","type":"text.gif","size":"14624"},{"last-modified": "2025-07-30 16:11:40","name":"R80.htm","type":"text.gif","size":"43936"},{"last-modified": "2025-07-30 16:11:40","name":"R81.htm","type":"text.gif","size":"16837"},{"last-modified": "2025-07-30 16:11:40","name":"R82.htm","type":"text.gif","size":"11595"},{"last-modified": "2025-07-30 16:11:40","name":"R83.htm","type":"text.gif","size":"11050"},{"last-modified": "2025-07-30 16:11:40","name":"R84.htm","type":"text.gif","size":"8473"},{"last-modified": "2025-07-30 16:11:40","name":"R85.htm","type":"text.gif","size":"6302"},{"last-modified": "2025-07-30 16:11:40","name":"R86.htm","type":"text.gif","size":"8101"},{"last-modified": "2025-07-30 16:11:40","name":"R87.htm","type":"text.gif","size":"23952"},{"last-modified": "2025-07-30 16:11:40","name":"R88.htm","type":"text.gif","size":"12682"},{"last-modified": "2025-07-30 16:11:40","name":"R89.htm","type":"text.gif","size":"15797"},{"last-modified": "2025-07-30 16:11:40","name":"R9.htm","type":"text.gif","size":"11501"},{"last-modified": "2025-07-30 16:11:40","name":"R90.htm","type":"text.gif","size":"39473"},{"last-modified": "2025-07-30 16:11:40","name":"R91.htm","type":"text.gif","size":"39274"},{"last-modified": "2025-07-30 16:11:40","name":"R92.htm","type":"text.gif","size":"6745"},{"last-modified": "2025-07-30 16:11:40","name":"R93.htm","type":"text.gif","size":"13673"},{"last-modified": "2025-07-30 16:11:40","name":"R94.htm","type":"text.gif","size":"14119"},{"last-modified": "2025-07-30 16:11:40","name":"R95.htm","type":"text.gif","size":"21746"},{"last-modified": "2025-07-30 16:11:40","name":"R96.htm","type":"text.gif","size":"48804"},{"last-modified": "2025-07-30 16:11:40","name":"R97.htm","type":"text.gif","size":"40245"},{"last-modified": "2025-07-30 16:11:40","name":"R98.htm","type":"text.gif","size":"16678"},{"last-modified": "2025-07-30 16:11:40","name":"R99.htm","type":"text.gif","size":"7037"},{"last-modified": "2025-07-30 16:11:40","name":"report.css","type":"text.gif","size":"2768"},{"last-modified": "2025-07-30 16:11:40","name":"Show.js","type":"text.gif","size":"1086"}],"name":"\/Archives\/edgar\/data\/789019\/000095017025100235","parent-dir":"\/Archives\/edgar\/data\/789019"}}