{"directory":{"item":[{"last-modified": "2025-02-05 16:42:57","name":"0000002488-25-000012-index-headers.html","type":"text.gif","size":""},{"last-modified": "2025-02-05 16:42:57","name":"0000002488-25-000012-index.html","type":"text.gif","size":""},{"last-modified": "2025-02-05 16:42:57","name":"0000002488-25-000012.txt","type":"text.gif","size":""},{"last-modified": "2025-02-05 16:42:57","name":"0000002488-25-000012-xbrl.zip","type":"compressed.gif","size":"556314"},{"last-modified": "2025-02-05 16:42:57","name":"amd-20241228.htm","type":"text.gif","size":"2091174"},{"last-modified": "2025-02-05 16:42:57","name":"amd-20241228.xsd","type":"text.gif","size":"72452"},{"last-modified": "2025-02-05 16:42:57","name":"amd-20241228_cal.xml","type":"text.gif","size":"116125"},{"last-modified": "2025-02-05 16:42:57","name":"amd-20241228_def.xml","type":"text.gif","size":"580395"},{"last-modified": "2025-02-05 16:42:57","name":"amd-20241228_g1.jpg","type":"image2.gif","size":"10544"},{"last-modified": "2025-02-05 16:42:57","name":"amd-20241228_g2.jpg","type":"image2.gif","size":"98079"},{"last-modified": "2025-02-05 16:42:57","name":"amd-20241228_htm.xml","type":"text.gif","size":"1805849"},{"last-modified": "2025-02-05 16:42:57","name":"amd-20241228_lab.xml","type":"text.gif","size":"1171411"},{"last-modified": "2025-02-05 16:42:57","name":"amd-20241228_pre.xml","type":"text.gif","size":"950590"},{"last-modified": "2025-02-05 16:42:57","name":"ex10_73usseveranceplan-svp.htm","type":"text.gif","size":"90466"},{"last-modified": "2025-02-05 16:42:57","name":"ex19_1amdstocktradingpolic.htm","type":"text.gif","size":"51011"},{"last-modified": "2025-02-05 16:42:57","name":"ex21-10kfy2412_28.htm","type":"text.gif","size":"82202"},{"last-modified": "2025-02-05 16:42:57","name":"ex23-10kfy24.htm","type":"text.gif","size":"9561"},{"last-modified": "2025-02-05 16:42:57","name":"ex24-10kfy24.htm","type":"text.gif","size":"24612"},{"last-modified": "2025-02-05 16:42:57","name":"ex311-10kfy24.htm","type":"text.gif","size":"8687"},{"last-modified": "2025-02-05 16:42:57","name":"ex312-10kfy24.htm","type":"text.gif","size":"8699"},{"last-modified": "2025-02-05 16:42:57","name":"ex321-10kfy24.htm","type":"text.gif","size":"4418"},{"last-modified": "2025-02-05 16:42:57","name":"ex322-10kfy24.htm","type":"text.gif","size":"4305"},{"last-modified": "2025-02-05 16:42:57","name":"FilingSummary.xml","type":"text.gif","size":"57710"},{"last-modified": "2025-02-05 16:42:57","name":"Financial_Report.xlsx","type":"text.gif","size":"159441"},{"last-modified": "2025-02-05 16:42:57","name":"image_0.jpg","type":"image2.gif","size":"2878"},{"last-modified": "2025-02-05 16:42:57","name":"image_1.jpg","type":"image2.gif","size":"2679"},{"last-modified": "2025-02-05 16:42:57","name":"MetaLinks.json","type":"text.gif","size":"1513843"},{"last-modified": "2025-02-05 16:42:57","name":"R1.htm","type":"text.gif","size":"66820"},{"last-modified": "2025-02-05 16:42:57","name":"R10.htm","type":"text.gif","size":"42406"},{"last-modified": "2025-02-05 16:42:57","name":"R11.htm","type":"text.gif","size":"36113"},{"last-modified": "2025-02-05 16:42:57","name":"R12.htm","type":"text.gif","size":"95796"},{"last-modified": "2025-02-05 16:42:57","name":"R13.htm","type":"text.gif","size":"74445"},{"last-modified": "2025-02-05 16:42:57","name":"R14.htm","type":"text.gif","size":"58212"},{"last-modified": "2025-02-05 16:42:57","name":"R15.htm","type":"text.gif","size":"58183"},{"last-modified": "2025-02-05 16:42:57","name":"R16.htm","type":"text.gif","size":"12779"},{"last-modified": "2025-02-05 16:42:57","name":"R17.htm","type":"text.gif","size":"32479"},{"last-modified": "2025-02-05 16:42:57","name":"R18.htm","type":"text.gif","size":"114995"},{"last-modified": "2025-02-05 16:42:57","name":"R19.htm","type":"text.gif","size":"6501"},{"last-modified": "2025-02-05 16:42:57","name":"R2.htm","type":"text.gif","size":"7624"},{"last-modified": "2025-02-05 16:42:57","name":"R20.htm","type":"text.gif","size":"21043"},{"last-modified": "2025-02-05 16:42:57","name":"R21.htm","type":"text.gif","size":"98151"},{"last-modified": "2025-02-05 16:42:57","name":"R22.htm","type":"text.gif","size":"8445"},{"last-modified": "2025-02-05 16:42:57","name":"R23.htm","type":"text.gif","size":"15955"},{"last-modified": "2025-02-05 16:42:57","name":"R24.htm","type":"text.gif","size":"107521"},{"last-modified": "2025-02-05 16:42:57","name":"R25.htm","type":"text.gif","size":"14590"},{"last-modified": "2025-02-05 16:42:57","name":"R26.htm","type":"text.gif","size":"32897"},{"last-modified": "2025-02-05 16:42:57","name":"R27.htm","type":"text.gif","size":"7688"},{"last-modified": "2025-02-05 16:42:57","name":"R28.htm","type":"text.gif","size":"14628"},{"last-modified": "2025-02-05 16:42:57","name":"R29.htm","type":"text.gif","size":"18181"},{"last-modified": "2025-02-05 16:42:57","name":"R3.htm","type":"text.gif","size":"91169"},{"last-modified": "2025-02-05 16:42:57","name":"R30.htm","type":"text.gif","size":"4387"},{"last-modified": "2025-02-05 16:42:57","name":"R31.htm","type":"text.gif","size":"97706"},{"last-modified": "2025-02-05 16:42:57","name":"R32.htm","type":"text.gif","size":"40938"},{"last-modified": "2025-02-05 16:42:57","name":"R33.htm","type":"text.gif","size":"92296"},{"last-modified": "2025-02-05 16:42:57","name":"R34.htm","type":"text.gif","size":"31996"},{"last-modified": "2025-02-05 16:42:57","name":"R35.htm","type":"text.gif","size":"56146"},{"last-modified": "2025-02-05 16:42:57","name":"R36.htm","type":"text.gif","size":"22298"},{"last-modified": "2025-02-05 16:42:57","name":"R37.htm","type":"text.gif","size":"162180"},{"last-modified": "2025-02-05 16:42:57","name":"R38.htm","type":"text.gif","size":"19423"},{"last-modified": "2025-02-05 16:42:57","name":"R39.htm","type":"text.gif","size":"103816"},{"last-modified": "2025-02-05 16:42:57","name":"R4.htm","type":"text.gif","size":"19627"},{"last-modified": "2025-02-05 16:42:57","name":"R40.htm","type":"text.gif","size":"15408"},{"last-modified": "2025-02-05 16:42:57","name":"R41.htm","type":"text.gif","size":"107756"},{"last-modified": "2025-02-05 16:42:57","name":"R42.htm","type":"text.gif","size":"14268"},{"last-modified": "2025-02-05 16:42:57","name":"R43.htm","type":"text.gif","size":"34370"},{"last-modified": "2025-02-05 16:42:57","name":"R44.htm","type":"text.gif","size":"43526"},{"last-modified": "2025-02-05 16:42:57","name":"R45.htm","type":"text.gif","size":"10780"},{"last-modified": "2025-02-05 16:42:57","name":"R46.htm","type":"text.gif","size":"8504"},{"last-modified": "2025-02-05 16:42:57","name":"R47.htm","type":"text.gif","size":"16884"},{"last-modified": "2025-02-05 16:42:57","name":"R48.htm","type":"text.gif","size":"4996"},{"last-modified": "2025-02-05 16:42:57","name":"R49.htm","type":"text.gif","size":"12118"},{"last-modified": "2025-02-05 16:42:57","name":"R5.htm","type":"text.gif","size":"111100"},{"last-modified": "2025-02-05 16:42:57","name":"R50.htm","type":"text.gif","size":"14541"},{"last-modified": "2025-02-05 16:42:57","name":"R51.htm","type":"text.gif","size":"35811"},{"last-modified": "2025-02-05 16:42:57","name":"R52.htm","type":"text.gif","size":"22704"},{"last-modified": "2025-02-05 16:42:57","name":"R53.htm","type":"text.gif","size":"22794"},{"last-modified": "2025-02-05 16:42:57","name":"R54.htm","type":"text.gif","size":"9128"},{"last-modified": "2025-02-05 16:42:57","name":"R55.htm","type":"text.gif","size":"19239"},{"last-modified": "2025-02-05 16:42:57","name":"R56.htm","type":"text.gif","size":"163810"},{"last-modified": "2025-02-05 16:42:57","name":"R57.htm","type":"text.gif","size":"13000"},{"last-modified": "2025-02-05 16:42:57","name":"R58.htm","type":"text.gif","size":"10141"},{"last-modified": "2025-02-05 16:42:57","name":"R59.htm","type":"text.gif","size":"42182"},{"last-modified": "2025-02-05 16:42:57","name":"R6.htm","type":"text.gif","size":"13893"},{"last-modified": "2025-02-05 16:42:57","name":"R60.htm","type":"text.gif","size":"37722"},{"last-modified": "2025-02-05 16:42:57","name":"R61.htm","type":"text.gif","size":"38062"},{"last-modified": "2025-02-05 16:42:57","name":"R62.htm","type":"text.gif","size":"10329"},{"last-modified": "2025-02-05 16:42:57","name":"R63.htm","type":"text.gif","size":"147034"},{"last-modified": "2025-02-05 16:42:57","name":"R64.htm","type":"text.gif","size":"81951"},{"last-modified": "2025-02-05 16:42:57","name":"R65.htm","type":"text.gif","size":"95643"},{"last-modified": "2025-02-05 16:42:57","name":"R66.htm","type":"text.gif","size":"33884"},{"last-modified": "2025-02-05 16:42:57","name":"R67.htm","type":"text.gif","size":"9280"},{"last-modified": "2025-02-05 16:42:57","name":"R68.htm","type":"text.gif","size":"14807"},{"last-modified": "2025-02-05 16:42:57","name":"R69.htm","type":"text.gif","size":"24850"},{"last-modified": "2025-02-05 16:42:57","name":"R7.htm","type":"text.gif","size":"60386"},{"last-modified": "2025-02-05 16:42:57","name":"R70.htm","type":"text.gif","size":"29324"},{"last-modified": "2025-02-05 16:42:57","name":"R71.htm","type":"text.gif","size":"73455"},{"last-modified": "2025-02-05 16:42:57","name":"R72.htm","type":"text.gif","size":"16029"},{"last-modified": "2025-02-05 16:42:57","name":"R73.htm","type":"text.gif","size":"33518"},{"last-modified": "2025-02-05 16:42:57","name":"R74.htm","type":"text.gif","size":"43979"},{"last-modified": "2025-02-05 16:42:57","name":"R75.htm","type":"text.gif","size":"33025"},{"last-modified": "2025-02-05 16:42:57","name":"R76.htm","type":"text.gif","size":"25354"},{"last-modified": "2025-02-05 16:42:57","name":"R77.htm","type":"text.gif","size":"29401"},{"last-modified": "2025-02-05 16:42:57","name":"R78.htm","type":"text.gif","size":"10346"},{"last-modified": "2025-02-05 16:42:57","name":"R79.htm","type":"text.gif","size":"25538"},{"last-modified": "2025-02-05 16:42:57","name":"R8.htm","type":"text.gif","size":"123340"},{"last-modified": "2025-02-05 16:42:57","name":"R80.htm","type":"text.gif","size":"12615"},{"last-modified": "2025-02-05 16:42:57","name":"R81.htm","type":"text.gif","size":"29091"},{"last-modified": "2025-02-05 16:42:57","name":"R82.htm","type":"text.gif","size":"37787"},{"last-modified": "2025-02-05 16:42:57","name":"R83.htm","type":"text.gif","size":"42182"},{"last-modified": "2025-02-05 16:42:57","name":"R84.htm","type":"text.gif","size":"40329"},{"last-modified": "2025-02-05 16:42:57","name":"R85.htm","type":"text.gif","size":"11190"},{"last-modified": "2025-02-05 16:42:57","name":"R86.htm","type":"text.gif","size":"6295"},{"last-modified": "2025-02-05 16:42:57","name":"R87.htm","type":"text.gif","size":"17148"},{"last-modified": "2025-02-05 16:42:57","name":"R88.htm","type":"text.gif","size":"18939"},{"last-modified": "2025-02-05 16:42:57","name":"R89.htm","type":"text.gif","size":"10515"},{"last-modified": "2025-02-05 16:42:57","name":"R9.htm","type":"text.gif","size":"5955"},{"last-modified": "2025-02-05 16:42:57","name":"R90.htm","type":"text.gif","size":"11811"},{"last-modified": "2025-02-05 16:42:57","name":"R91.htm","type":"text.gif","size":"26635"},{"last-modified": "2025-02-05 16:42:57","name":"R92.htm","type":"text.gif","size":"9643"},{"last-modified": "2025-02-05 16:42:57","name":"R93.htm","type":"text.gif","size":"15244"},{"last-modified": "2025-02-05 16:42:57","name":"R94.htm","type":"text.gif","size":"9831"},{"last-modified": "2025-02-05 16:42:57","name":"report.css","type":"text.gif","size":"2768"},{"last-modified": "2025-02-05 16:42:57","name":"Show.js","type":"text.gif","size":"1086"}],"name":"\/Archives\/edgar\/data\/2488\/000000248825000012","parent-dir":"\/Archives\/edgar\/data\/2488"}}