{"directory":{"item":[{"last-modified": "2025-10-31 06:01:26","name":"0000320193-25-000079-index-headers.html","type":"text.gif","size":""},{"last-modified": "2025-10-31 06:01:26","name":"0000320193-25-000079-index.html","type":"text.gif","size":""},{"last-modified": "2025-10-31 06:01:26","name":"0000320193-25-000079.txt","type":"text.gif","size":""},{"last-modified": "2025-10-31 06:01:26","name":"0000320193-25-000079-xbrl.zip","type":"compressed.gif","size":"399390"},{"last-modified": "2025-10-31 06:01:26","name":"a10-kexhibit21109272025.htm","type":"text.gif","size":"11807"},{"last-modified": "2025-10-31 06:01:26","name":"a10-kexhibit23109272025.htm","type":"text.gif","size":"6251"},{"last-modified": "2025-10-31 06:01:26","name":"a10-kexhibit31109272025.htm","type":"text.gif","size":"10507"},{"last-modified": "2025-10-31 06:01:26","name":"a10-kexhibit31209272025.htm","type":"text.gif","size":"10543"},{"last-modified": "2025-10-31 06:01:26","name":"a10-kexhibit32109272025.htm","type":"text.gif","size":"8356"},{"last-modified": "2025-10-31 06:01:26","name":"a10-kexhibit4109272025.htm","type":"text.gif","size":"118590"},{"last-modified": "2025-10-31 06:01:26","name":"aapl-20250927.htm","type":"text.gif","size":"1520208"},{"last-modified": "2025-10-31 06:01:26","name":"aapl-20250927.xsd","type":"text.gif","size":"56313"},{"last-modified": "2025-10-31 06:01:26","name":"aapl-20250927_cal.xml","type":"text.gif","size":"153156"},{"last-modified": "2025-10-31 06:01:26","name":"aapl-20250927_def.xml","type":"text.gif","size":"224664"},{"last-modified": "2025-10-31 06:01:26","name":"aapl-20250927_g1.jpg","type":"image2.gif","size":"10963"},{"last-modified": "2025-10-31 06:01:26","name":"aapl-20250927_g2.jpg","type":"image2.gif","size":"146350"},{"last-modified": "2025-10-31 06:01:26","name":"aapl-20250927_htm.xml","type":"text.gif","size":"1416841"},{"last-modified": "2025-10-31 06:01:26","name":"aapl-20250927_lab.xml","type":"text.gif","size":"763631"},{"last-modified": "2025-10-31 06:01:26","name":"aapl-20250927_pre.xml","type":"text.gif","size":"496062"},{"last-modified": "2025-10-31 06:01:26","name":"FilingSummary.xml","type":"text.gif","size":"42775"},{"last-modified": "2025-10-31 06:01:26","name":"MetaLinks.json","type":"text.gif","size":"1118884"},{"last-modified": "2025-10-31 06:01:26","name":"R1.htm","type":"text.gif","size":"87855"},{"last-modified": "2025-10-31 06:01:26","name":"R10.htm","type":"text.gif","size":"29220"},{"last-modified": "2025-10-31 06:01:26","name":"R11.htm","type":"text.gif","size":"19828"},{"last-modified": "2025-10-31 06:01:26","name":"R12.htm","type":"text.gif","size":"133846"},{"last-modified": "2025-10-31 06:01:26","name":"R13.htm","type":"text.gif","size":"14448"},{"last-modified": "2025-10-31 06:01:26","name":"R14.htm","type":"text.gif","size":"16630"},{"last-modified": "2025-10-31 06:01:26","name":"R15.htm","type":"text.gif","size":"82406"},{"last-modified": "2025-10-31 06:01:26","name":"R16.htm","type":"text.gif","size":"81139"},{"last-modified": "2025-10-31 06:01:26","name":"R17.htm","type":"text.gif","size":"52446"},{"last-modified": "2025-10-31 06:01:26","name":"R18.htm","type":"text.gif","size":"17886"},{"last-modified": "2025-10-31 06:01:26","name":"R19.htm","type":"text.gif","size":"22958"},{"last-modified": "2025-10-31 06:01:26","name":"R2.htm","type":"text.gif","size":"7791"},{"last-modified": "2025-10-31 06:01:26","name":"R20.htm","type":"text.gif","size":"14956"},{"last-modified": "2025-10-31 06:01:26","name":"R21.htm","type":"text.gif","size":"110734"},{"last-modified": "2025-10-31 06:01:26","name":"R22.htm","type":"text.gif","size":"8465"},{"last-modified": "2025-10-31 06:01:26","name":"R23.htm","type":"text.gif","size":"4371"},{"last-modified": "2025-10-31 06:01:26","name":"R24.htm","type":"text.gif","size":"40399"},{"last-modified": "2025-10-31 06:01:26","name":"R25.htm","type":"text.gif","size":"65476"},{"last-modified": "2025-10-31 06:01:26","name":"R26.htm","type":"text.gif","size":"19591"},{"last-modified": "2025-10-31 06:01:26","name":"R27.htm","type":"text.gif","size":"19061"},{"last-modified": "2025-10-31 06:01:26","name":"R28.htm","type":"text.gif","size":"125380"},{"last-modified": "2025-10-31 06:01:26","name":"R29.htm","type":"text.gif","size":"13466"},{"last-modified": "2025-10-31 06:01:26","name":"R3.htm","type":"text.gif","size":"92927"},{"last-modified": "2025-10-31 06:01:26","name":"R30.htm","type":"text.gif","size":"17932"},{"last-modified": "2025-10-31 06:01:26","name":"R31.htm","type":"text.gif","size":"81117"},{"last-modified": "2025-10-31 06:01:26","name":"R32.htm","type":"text.gif","size":"59124"},{"last-modified": "2025-10-31 06:01:26","name":"R33.htm","type":"text.gif","size":"49849"},{"last-modified": "2025-10-31 06:01:26","name":"R34.htm","type":"text.gif","size":"11903"},{"last-modified": "2025-10-31 06:01:26","name":"R35.htm","type":"text.gif","size":"20757"},{"last-modified": "2025-10-31 06:01:26","name":"R36.htm","type":"text.gif","size":"9459"},{"last-modified": "2025-10-31 06:01:26","name":"R37.htm","type":"text.gif","size":"105324"},{"last-modified": "2025-10-31 06:01:26","name":"R38.htm","type":"text.gif","size":"24096"},{"last-modified": "2025-10-31 06:01:26","name":"R39.htm","type":"text.gif","size":"5115"},{"last-modified": "2025-10-31 06:01:26","name":"R4.htm","type":"text.gif","size":"55057"},{"last-modified": "2025-10-31 06:01:26","name":"R40.htm","type":"text.gif","size":"15952"},{"last-modified": "2025-10-31 06:01:26","name":"R41.htm","type":"text.gif","size":"44329"},{"last-modified": "2025-10-31 06:01:26","name":"R42.htm","type":"text.gif","size":"6958"},{"last-modified": "2025-10-31 06:01:26","name":"R43.htm","type":"text.gif","size":"100957"},{"last-modified": "2025-10-31 06:01:26","name":"R44.htm","type":"text.gif","size":"43952"},{"last-modified": "2025-10-31 06:01:26","name":"R45.htm","type":"text.gif","size":"13177"},{"last-modified": "2025-10-31 06:01:26","name":"R46.htm","type":"text.gif","size":"17776"},{"last-modified": "2025-10-31 06:01:26","name":"R47.htm","type":"text.gif","size":"6167"},{"last-modified": "2025-10-31 06:01:26","name":"R48.htm","type":"text.gif","size":"8302"},{"last-modified": "2025-10-31 06:01:26","name":"R49.htm","type":"text.gif","size":"10614"},{"last-modified": "2025-10-31 06:01:26","name":"R5.htm","type":"text.gif","size":"128337"},{"last-modified": "2025-10-31 06:01:26","name":"R50.htm","type":"text.gif","size":"37490"},{"last-modified": "2025-10-31 06:01:26","name":"R51.htm","type":"text.gif","size":"37181"},{"last-modified": "2025-10-31 06:01:26","name":"R52.htm","type":"text.gif","size":"26282"},{"last-modified": "2025-10-31 06:01:26","name":"R53.htm","type":"text.gif","size":"32905"},{"last-modified": "2025-10-31 06:01:26","name":"R54.htm","type":"text.gif","size":"17389"},{"last-modified": "2025-10-31 06:01:26","name":"R55.htm","type":"text.gif","size":"27868"},{"last-modified": "2025-10-31 06:01:26","name":"R56.htm","type":"text.gif","size":"29742"},{"last-modified": "2025-10-31 06:01:26","name":"R57.htm","type":"text.gif","size":"68996"},{"last-modified": "2025-10-31 06:01:26","name":"R58.htm","type":"text.gif","size":"25913"},{"last-modified": "2025-10-31 06:01:26","name":"R59.htm","type":"text.gif","size":"15730"},{"last-modified": "2025-10-31 06:01:26","name":"R6.htm","type":"text.gif","size":"12105"},{"last-modified": "2025-10-31 06:01:26","name":"R60.htm","type":"text.gif","size":"48667"},{"last-modified": "2025-10-31 06:01:26","name":"R61.htm","type":"text.gif","size":"24595"},{"last-modified": "2025-10-31 06:01:26","name":"R62.htm","type":"text.gif","size":"8051"},{"last-modified": "2025-10-31 06:01:26","name":"R63.htm","type":"text.gif","size":"14479"},{"last-modified": "2025-10-31 06:01:26","name":"R64.htm","type":"text.gif","size":"35337"},{"last-modified": "2025-10-31 06:01:26","name":"R65.htm","type":"text.gif","size":"25868"},{"last-modified": "2025-10-31 06:01:26","name":"R66.htm","type":"text.gif","size":"7345"},{"last-modified": "2025-10-31 06:01:26","name":"R67.htm","type":"text.gif","size":"19587"},{"last-modified": "2025-10-31 06:01:26","name":"R68.htm","type":"text.gif","size":"44460"},{"last-modified": "2025-10-31 06:01:26","name":"R69.htm","type":"text.gif","size":"15724"},{"last-modified": "2025-10-31 06:01:26","name":"R7.htm","type":"text.gif","size":"53248"},{"last-modified": "2025-10-31 06:01:26","name":"R70.htm","type":"text.gif","size":"10732"},{"last-modified": "2025-10-31 06:01:26","name":"R8.htm","type":"text.gif","size":"90647"},{"last-modified": "2025-10-31 06:01:26","name":"R9.htm","type":"text.gif","size":"12411"},{"last-modified": "2025-10-31 06:01:26","name":"report.css","type":"text.gif","size":"2767"},{"last-modified": "2025-10-31 06:01:26","name":"Show.js","type":"text.gif","size":"1085"}],"name":"\/Archives\/edgar\/data\/320193\/000032019325000079","parent-dir":"\/Archives\/edgar\/data\/320193"}}