{"directory":{"item":[{"last-modified": "2025-10-07 21:16:06","name":"0000909832-25-000101-index-headers.html","type":"text.gif","size":""},{"last-modified": "2025-10-07 21:16:06","name":"0000909832-25-000101-index.html","type":"text.gif","size":""},{"last-modified": "2025-10-07 21:16:06","name":"0000909832-25-000101.txt","type":"text.gif","size":""},{"last-modified": "2025-10-07 21:16:06","name":"0000909832-25-000101-xbrl.zip","type":"compressed.gif","size":"329761"},{"last-modified": "2025-10-07 21:16:06","name":"cost-20250831.htm","type":"text.gif","size":"1438962"},{"last-modified": "2025-10-07 21:16:06","name":"cost-20250831.xsd","type":"text.gif","size":"47173"},{"last-modified": "2025-10-07 21:16:06","name":"cost-20250831_cal.xml","type":"text.gif","size":"82831"},{"last-modified": "2025-10-07 21:16:06","name":"cost-20250831_def.xml","type":"text.gif","size":"178259"},{"last-modified": "2025-10-07 21:16:06","name":"cost-20250831_g1.jpg","type":"image2.gif","size":"95961"},{"last-modified": "2025-10-07 21:16:06","name":"cost-20250831_htm.xml","type":"text.gif","size":"1158155"},{"last-modified": "2025-10-07 21:16:06","name":"cost-20250831_lab.xml","type":"text.gif","size":"705611"},{"last-modified": "2025-10-07 21:16:06","name":"cost-20250831_pre.xml","type":"text.gif","size":"481803"},{"last-modified": "2025-10-07 21:16:06","name":"costex21110k83125.htm","type":"text.gif","size":"12925"},{"last-modified": "2025-10-07 21:16:06","name":"costex23110k83125.htm","type":"text.gif","size":"2414"},{"last-modified": "2025-10-07 21:16:06","name":"costex31110k83125.htm","type":"text.gif","size":"19096"},{"last-modified": "2025-10-07 21:16:06","name":"costex32110k83125.htm","type":"text.gif","size":"10930"},{"last-modified": "2025-10-07 21:16:06","name":"FilingSummary.xml","type":"text.gif","size":"41980"},{"last-modified": "2025-10-07 21:16:06","name":"MetaLinks.json","type":"text.gif","size":"1093903"},{"last-modified": "2025-10-07 21:16:06","name":"R1.htm","type":"text.gif","size":"64824"},{"last-modified": "2025-10-07 21:16:06","name":"R10.htm","type":"text.gif","size":"37309"},{"last-modified": "2025-10-07 21:16:06","name":"R11.htm","type":"text.gif","size":"20452"},{"last-modified": "2025-10-07 21:16:06","name":"R12.htm","type":"text.gif","size":"31986"},{"last-modified": "2025-10-07 21:16:06","name":"R13.htm","type":"text.gif","size":"65388"},{"last-modified": "2025-10-07 21:16:06","name":"R14.htm","type":"text.gif","size":"17391"},{"last-modified": "2025-10-07 21:16:06","name":"R15.htm","type":"text.gif","size":"25200"},{"last-modified": "2025-10-07 21:16:06","name":"R16.htm","type":"text.gif","size":"92635"},{"last-modified": "2025-10-07 21:16:06","name":"R17.htm","type":"text.gif","size":"14570"},{"last-modified": "2025-10-07 21:16:06","name":"R18.htm","type":"text.gif","size":"16043"},{"last-modified": "2025-10-07 21:16:06","name":"R19.htm","type":"text.gif","size":"91087"},{"last-modified": "2025-10-07 21:16:06","name":"R2.htm","type":"text.gif","size":"7772"},{"last-modified": "2025-10-07 21:16:06","name":"R20.htm","type":"text.gif","size":"8465"},{"last-modified": "2025-10-07 21:16:06","name":"R21.htm","type":"text.gif","size":"4371"},{"last-modified": "2025-10-07 21:16:06","name":"R22.htm","type":"text.gif","size":"39201"},{"last-modified": "2025-10-07 21:16:06","name":"R23.htm","type":"text.gif","size":"140856"},{"last-modified": "2025-10-07 21:16:06","name":"R24.htm","type":"text.gif","size":"25407"},{"last-modified": "2025-10-07 21:16:06","name":"R25.htm","type":"text.gif","size":"36639"},{"last-modified": "2025-10-07 21:16:06","name":"R26.htm","type":"text.gif","size":"14012"},{"last-modified": "2025-10-07 21:16:06","name":"R27.htm","type":"text.gif","size":"24079"},{"last-modified": "2025-10-07 21:16:06","name":"R28.htm","type":"text.gif","size":"70766"},{"last-modified": "2025-10-07 21:16:06","name":"R29.htm","type":"text.gif","size":"10491"},{"last-modified": "2025-10-07 21:16:06","name":"R3.htm","type":"text.gif","size":"81423"},{"last-modified": "2025-10-07 21:16:06","name":"R30.htm","type":"text.gif","size":"22744"},{"last-modified": "2025-10-07 21:16:06","name":"R31.htm","type":"text.gif","size":"92489"},{"last-modified": "2025-10-07 21:16:06","name":"R32.htm","type":"text.gif","size":"13549"},{"last-modified": "2025-10-07 21:16:06","name":"R33.htm","type":"text.gif","size":"84849"},{"last-modified": "2025-10-07 21:16:06","name":"R34.htm","type":"text.gif","size":"30645"},{"last-modified": "2025-10-07 21:16:06","name":"R35.htm","type":"text.gif","size":"4489"},{"last-modified": "2025-10-07 21:16:06","name":"R36.htm","type":"text.gif","size":"17484"},{"last-modified": "2025-10-07 21:16:06","name":"R37.htm","type":"text.gif","size":"29656"},{"last-modified": "2025-10-07 21:16:06","name":"R38.htm","type":"text.gif","size":"4177"},{"last-modified": "2025-10-07 21:16:06","name":"R39.htm","type":"text.gif","size":"18442"},{"last-modified": "2025-10-07 21:16:06","name":"R4.htm","type":"text.gif","size":"24304"},{"last-modified": "2025-10-07 21:16:06","name":"R40.htm","type":"text.gif","size":"5055"},{"last-modified": "2025-10-07 21:16:06","name":"R41.htm","type":"text.gif","size":"6885"},{"last-modified": "2025-10-07 21:16:06","name":"R42.htm","type":"text.gif","size":"6474"},{"last-modified": "2025-10-07 21:16:06","name":"R43.htm","type":"text.gif","size":"6209"},{"last-modified": "2025-10-07 21:16:06","name":"R44.htm","type":"text.gif","size":"9905"},{"last-modified": "2025-10-07 21:16:06","name":"R45.htm","type":"text.gif","size":"30175"},{"last-modified": "2025-10-07 21:16:06","name":"R46.htm","type":"text.gif","size":"39118"},{"last-modified": "2025-10-07 21:16:06","name":"R47.htm","type":"text.gif","size":"16039"},{"last-modified": "2025-10-07 21:16:06","name":"R48.htm","type":"text.gif","size":"4837"},{"last-modified": "2025-10-07 21:16:06","name":"R49.htm","type":"text.gif","size":"38349"},{"last-modified": "2025-10-07 21:16:06","name":"R5.htm","type":"text.gif","size":"109392"},{"last-modified": "2025-10-07 21:16:06","name":"R50.htm","type":"text.gif","size":"38196"},{"last-modified": "2025-10-07 21:16:06","name":"R51.htm","type":"text.gif","size":"24573"},{"last-modified": "2025-10-07 21:16:06","name":"R52.htm","type":"text.gif","size":"39451"},{"last-modified": "2025-10-07 21:16:06","name":"R53.htm","type":"text.gif","size":"13944"},{"last-modified": "2025-10-07 21:16:06","name":"R54.htm","type":"text.gif","size":"13695"},{"last-modified": "2025-10-07 21:16:06","name":"R55.htm","type":"text.gif","size":"54544"},{"last-modified": "2025-10-07 21:16:06","name":"R56.htm","type":"text.gif","size":"12794"},{"last-modified": "2025-10-07 21:16:06","name":"R57.htm","type":"text.gif","size":"14153"},{"last-modified": "2025-10-07 21:16:06","name":"R58.htm","type":"text.gif","size":"35395"},{"last-modified": "2025-10-07 21:16:06","name":"R59.htm","type":"text.gif","size":"24653"},{"last-modified": "2025-10-07 21:16:06","name":"R6.htm","type":"text.gif","size":"22100"},{"last-modified": "2025-10-07 21:16:06","name":"R60.htm","type":"text.gif","size":"7038"},{"last-modified": "2025-10-07 21:16:06","name":"R61.htm","type":"text.gif","size":"14107"},{"last-modified": "2025-10-07 21:16:06","name":"R62.htm","type":"text.gif","size":"37214"},{"last-modified": "2025-10-07 21:16:06","name":"R63.htm","type":"text.gif","size":"46085"},{"last-modified": "2025-10-07 21:16:06","name":"R64.htm","type":"text.gif","size":"33222"},{"last-modified": "2025-10-07 21:16:06","name":"R65.htm","type":"text.gif","size":"15907"},{"last-modified": "2025-10-07 21:16:06","name":"R66.htm","type":"text.gif","size":"19155"},{"last-modified": "2025-10-07 21:16:06","name":"R67.htm","type":"text.gif","size":"25854"},{"last-modified": "2025-10-07 21:16:06","name":"R68.htm","type":"text.gif","size":"43557"},{"last-modified": "2025-10-07 21:16:06","name":"R69.htm","type":"text.gif","size":"35949"},{"last-modified": "2025-10-07 21:16:06","name":"R7.htm","type":"text.gif","size":"73940"},{"last-modified": "2025-10-07 21:16:06","name":"R70.htm","type":"text.gif","size":"19796"},{"last-modified": "2025-10-07 21:16:06","name":"R8.htm","type":"text.gif","size":"93038"},{"last-modified": "2025-10-07 21:16:06","name":"R9.htm","type":"text.gif","size":"77717"},{"last-modified": "2025-10-07 21:16:06","name":"report.css","type":"text.gif","size":"2767"},{"last-modified": "2025-10-07 21:16:06","name":"Show.js","type":"text.gif","size":"1085"}],"name":"\/Archives\/edgar\/data\/909832\/000090983225000101","parent-dir":"\/Archives\/edgar\/data\/909832"}}