{"directory":{"item":[{"last-modified": "2025-02-19 16:39:37","name":"0000034088-25-000010-index-headers.html","type":"text.gif","size":""},{"last-modified": "2025-02-19 16:39:37","name":"0000034088-25-000010-index.html","type":"text.gif","size":""},{"last-modified": "2025-02-19 16:39:37","name":"0000034088-25-000010.txt","type":"text.gif","size":""},{"last-modified": "2025-02-19 16:39:37","name":"0000034088-25-000010-xbrl.zip","type":"compressed.gif","size":"1936002"},{"last-modified": "2025-02-19 16:39:37","name":"ex-311123124.htm","type":"text.gif","size":"12128"},{"last-modified": "2025-02-19 16:39:37","name":"ex-312123124.htm","type":"text.gif","size":"12372"},{"last-modified": "2025-02-19 16:39:37","name":"ex-313123124.htm","type":"text.gif","size":"12859"},{"last-modified": "2025-02-19 16:39:37","name":"ex-321123124.htm","type":"text.gif","size":"6331"},{"last-modified": "2025-02-19 16:39:37","name":"ex-322123124.htm","type":"text.gif","size":"6567"},{"last-modified": "2025-02-19 16:39:37","name":"ex-323123124.htm","type":"text.gif","size":"6943"},{"last-modified": "2025-02-19 16:39:37","name":"FilingSummary.xml","type":"text.gif","size":"85989"},{"last-modified": "2025-02-19 16:39:37","name":"Financial_Report.xlsx","type":"text.gif","size":"218480"},{"last-modified": "2025-02-19 16:39:37","name":"MetaLinks.json","type":"text.gif","size":"1555919"},{"last-modified": "2025-02-19 16:39:37","name":"R1.htm","type":"text.gif","size":"75276"},{"last-modified": "2025-02-19 16:39:37","name":"R10.htm","type":"text.gif","size":"100344"},{"last-modified": "2025-02-19 16:39:37","name":"R100.htm","type":"text.gif","size":"37938"},{"last-modified": "2025-02-19 16:39:37","name":"R101.htm","type":"text.gif","size":"71003"},{"last-modified": "2025-02-19 16:39:37","name":"R102.htm","type":"text.gif","size":"27984"},{"last-modified": "2025-02-19 16:39:37","name":"R103.htm","type":"text.gif","size":"70955"},{"last-modified": "2025-02-19 16:39:37","name":"R104.htm","type":"text.gif","size":"37464"},{"last-modified": "2025-02-19 16:39:37","name":"R105.htm","type":"text.gif","size":"27704"},{"last-modified": "2025-02-19 16:39:37","name":"R106.htm","type":"text.gif","size":"39960"},{"last-modified": "2025-02-19 16:39:37","name":"R107.htm","type":"text.gif","size":"4277"},{"last-modified": "2025-02-19 16:39:37","name":"R108.htm","type":"text.gif","size":"205796"},{"last-modified": "2025-02-19 16:39:37","name":"R109.htm","type":"text.gif","size":"24082"},{"last-modified": "2025-02-19 16:39:37","name":"R11.htm","type":"text.gif","size":"38131"},{"last-modified": "2025-02-19 16:39:37","name":"R110.htm","type":"text.gif","size":"26823"},{"last-modified": "2025-02-19 16:39:37","name":"R111.htm","type":"text.gif","size":"18688"},{"last-modified": "2025-02-19 16:39:37","name":"R112.htm","type":"text.gif","size":"27689"},{"last-modified": "2025-02-19 16:39:37","name":"R113.htm","type":"text.gif","size":"39640"},{"last-modified": "2025-02-19 16:39:37","name":"R114.htm","type":"text.gif","size":"64491"},{"last-modified": "2025-02-19 16:39:37","name":"R115.htm","type":"text.gif","size":"22592"},{"last-modified": "2025-02-19 16:39:37","name":"R116.htm","type":"text.gif","size":"8386"},{"last-modified": "2025-02-19 16:39:37","name":"R117.htm","type":"text.gif","size":"18615"},{"last-modified": "2025-02-19 16:39:37","name":"R118.htm","type":"text.gif","size":"14679"},{"last-modified": "2025-02-19 16:39:37","name":"R119.htm","type":"text.gif","size":"8063"},{"last-modified": "2025-02-19 16:39:37","name":"R12.htm","type":"text.gif","size":"5913"},{"last-modified": "2025-02-19 16:39:37","name":"R120.htm","type":"text.gif","size":"10966"},{"last-modified": "2025-02-19 16:39:37","name":"R121.htm","type":"text.gif","size":"12546"},{"last-modified": "2025-02-19 16:39:37","name":"R122.htm","type":"text.gif","size":"30849"},{"last-modified": "2025-02-19 16:39:37","name":"R123.htm","type":"text.gif","size":"30336"},{"last-modified": "2025-02-19 16:39:37","name":"R124.htm","type":"text.gif","size":"8165"},{"last-modified": "2025-02-19 16:39:37","name":"R125.htm","type":"text.gif","size":"8562"},{"last-modified": "2025-02-19 16:39:37","name":"R126.htm","type":"text.gif","size":"20572"},{"last-modified": "2025-02-19 16:39:37","name":"R13.htm","type":"text.gif","size":"15822"},{"last-modified": "2025-02-19 16:39:37","name":"R14.htm","type":"text.gif","size":"45098"},{"last-modified": "2025-02-19 16:39:37","name":"R15.htm","type":"text.gif","size":"17854"},{"last-modified": "2025-02-19 16:39:37","name":"R16.htm","type":"text.gif","size":"24293"},{"last-modified": "2025-02-19 16:39:37","name":"R17.htm","type":"text.gif","size":"58890"},{"last-modified": "2025-02-19 16:39:37","name":"R18.htm","type":"text.gif","size":"13742"},{"last-modified": "2025-02-19 16:39:37","name":"R19.htm","type":"text.gif","size":"40102"},{"last-modified": "2025-02-19 16:39:37","name":"R2.htm","type":"text.gif","size":"7795"},{"last-modified": "2025-02-19 16:39:37","name":"R20.htm","type":"text.gif","size":"42517"},{"last-modified": "2025-02-19 16:39:37","name":"R21.htm","type":"text.gif","size":"155502"},{"last-modified": "2025-02-19 16:39:37","name":"R22.htm","type":"text.gif","size":"14641"},{"last-modified": "2025-02-19 16:39:37","name":"R23.htm","type":"text.gif","size":"97204"},{"last-modified": "2025-02-19 16:39:37","name":"R24.htm","type":"text.gif","size":"50455"},{"last-modified": "2025-02-19 16:39:37","name":"R25.htm","type":"text.gif","size":"28221"},{"last-modified": "2025-02-19 16:39:37","name":"R26.htm","type":"text.gif","size":"19087"},{"last-modified": "2025-02-19 16:39:37","name":"R27.htm","type":"text.gif","size":"481086"},{"last-modified": "2025-02-19 16:39:37","name":"R28.htm","type":"text.gif","size":"366202"},{"last-modified": "2025-02-19 16:39:37","name":"R29.htm","type":"text.gif","size":"136526"},{"last-modified": "2025-02-19 16:39:37","name":"R3.htm","type":"text.gif","size":"94353"},{"last-modified": "2025-02-19 16:39:37","name":"R30.htm","type":"text.gif","size":"6409"},{"last-modified": "2025-02-19 16:39:37","name":"R31.htm","type":"text.gif","size":"49386"},{"last-modified": "2025-02-19 16:39:37","name":"R32.htm","type":"text.gif","size":"14667"},{"last-modified": "2025-02-19 16:39:37","name":"R33.htm","type":"text.gif","size":"8481"},{"last-modified": "2025-02-19 16:39:37","name":"R34.htm","type":"text.gif","size":"4387"},{"last-modified": "2025-02-19 16:39:37","name":"R35.htm","type":"text.gif","size":"35810"},{"last-modified": "2025-02-19 16:39:37","name":"R36.htm","type":"text.gif","size":"80718"},{"last-modified": "2025-02-19 16:39:37","name":"R37.htm","type":"text.gif","size":"8400"},{"last-modified": "2025-02-19 16:39:37","name":"R38.htm","type":"text.gif","size":"13469"},{"last-modified": "2025-02-19 16:39:37","name":"R39.htm","type":"text.gif","size":"47931"},{"last-modified": "2025-02-19 16:39:37","name":"R4.htm","type":"text.gif","size":"46562"},{"last-modified": "2025-02-19 16:39:37","name":"R40.htm","type":"text.gif","size":"13455"},{"last-modified": "2025-02-19 16:39:37","name":"R41.htm","type":"text.gif","size":"23271"},{"last-modified": "2025-02-19 16:39:37","name":"R42.htm","type":"text.gif","size":"57212"},{"last-modified": "2025-02-19 16:39:37","name":"R43.htm","type":"text.gif","size":"13751"},{"last-modified": "2025-02-19 16:39:37","name":"R44.htm","type":"text.gif","size":"35660"},{"last-modified": "2025-02-19 16:39:37","name":"R45.htm","type":"text.gif","size":"43768"},{"last-modified": "2025-02-19 16:39:37","name":"R46.htm","type":"text.gif","size":"94175"},{"last-modified": "2025-02-19 16:39:37","name":"R47.htm","type":"text.gif","size":"14222"},{"last-modified": "2025-02-19 16:39:37","name":"R48.htm","type":"text.gif","size":"98238"},{"last-modified": "2025-02-19 16:39:37","name":"R49.htm","type":"text.gif","size":"60909"},{"last-modified": "2025-02-19 16:39:37","name":"R5.htm","type":"text.gif","size":"129228"},{"last-modified": "2025-02-19 16:39:37","name":"R50.htm","type":"text.gif","size":"22586"},{"last-modified": "2025-02-19 16:39:37","name":"R51.htm","type":"text.gif","size":"14656"},{"last-modified": "2025-02-19 16:39:37","name":"R52.htm","type":"text.gif","size":"488666"},{"last-modified": "2025-02-19 16:39:37","name":"R53.htm","type":"text.gif","size":"362194"},{"last-modified": "2025-02-19 16:39:37","name":"R54.htm","type":"text.gif","size":"139294"},{"last-modified": "2025-02-19 16:39:37","name":"R55.htm","type":"text.gif","size":"95882"},{"last-modified": "2025-02-19 16:39:37","name":"R56.htm","type":"text.gif","size":"8164"},{"last-modified": "2025-02-19 16:39:37","name":"R57.htm","type":"text.gif","size":"11844"},{"last-modified": "2025-02-19 16:39:37","name":"R58.htm","type":"text.gif","size":"12915"},{"last-modified": "2025-02-19 16:39:37","name":"R59.htm","type":"text.gif","size":"11974"},{"last-modified": "2025-02-19 16:39:37","name":"R6.htm","type":"text.gif","size":"10479"},{"last-modified": "2025-02-19 16:39:37","name":"R60.htm","type":"text.gif","size":"8893"},{"last-modified": "2025-02-19 16:39:37","name":"R61.htm","type":"text.gif","size":"55629"},{"last-modified": "2025-02-19 16:39:37","name":"R62.htm","type":"text.gif","size":"8577"},{"last-modified": "2025-02-19 16:39:37","name":"R63.htm","type":"text.gif","size":"13034"},{"last-modified": "2025-02-19 16:39:37","name":"R64.htm","type":"text.gif","size":"11276"},{"last-modified": "2025-02-19 16:39:37","name":"R65.htm","type":"text.gif","size":"12315"},{"last-modified": "2025-02-19 16:39:37","name":"R66.htm","type":"text.gif","size":"36417"},{"last-modified": "2025-02-19 16:39:37","name":"R67.htm","type":"text.gif","size":"7259"},{"last-modified": "2025-02-19 16:39:37","name":"R68.htm","type":"text.gif","size":"6349"},{"last-modified": "2025-02-19 16:39:37","name":"R69.htm","type":"text.gif","size":"78144"},{"last-modified": "2025-02-19 16:39:37","name":"R7.htm","type":"text.gif","size":"96198"},{"last-modified": "2025-02-19 16:39:37","name":"R70.htm","type":"text.gif","size":"63403"},{"last-modified": "2025-02-19 16:39:37","name":"R71.htm","type":"text.gif","size":"19951"},{"last-modified": "2025-02-19 16:39:37","name":"R72.htm","type":"text.gif","size":"21818"},{"last-modified": "2025-02-19 16:39:37","name":"R73.htm","type":"text.gif","size":"27688"},{"last-modified": "2025-02-19 16:39:37","name":"R74.htm","type":"text.gif","size":"17863"},{"last-modified": "2025-02-19 16:39:37","name":"R75.htm","type":"text.gif","size":"15366"},{"last-modified": "2025-02-19 16:39:37","name":"R76.htm","type":"text.gif","size":"17514"},{"last-modified": "2025-02-19 16:39:37","name":"R77.htm","type":"text.gif","size":"8251"},{"last-modified": "2025-02-19 16:39:37","name":"R78.htm","type":"text.gif","size":"8787"},{"last-modified": "2025-02-19 16:39:37","name":"R79.htm","type":"text.gif","size":"19018"},{"last-modified": "2025-02-19 16:39:37","name":"R8.htm","type":"text.gif","size":"3971"},{"last-modified": "2025-02-19 16:39:37","name":"R80.htm","type":"text.gif","size":"46225"},{"last-modified": "2025-02-19 16:39:37","name":"R81.htm","type":"text.gif","size":"44094"},{"last-modified": "2025-02-19 16:39:37","name":"R82.htm","type":"text.gif","size":"15231"},{"last-modified": "2025-02-19 16:39:37","name":"R83.htm","type":"text.gif","size":"20969"},{"last-modified": "2025-02-19 16:39:37","name":"R84.htm","type":"text.gif","size":"33256"},{"last-modified": "2025-02-19 16:39:37","name":"R85.htm","type":"text.gif","size":"6170"},{"last-modified": "2025-02-19 16:39:37","name":"R86.htm","type":"text.gif","size":"42916"},{"last-modified": "2025-02-19 16:39:37","name":"R87.htm","type":"text.gif","size":"4075"},{"last-modified": "2025-02-19 16:39:37","name":"R88.htm","type":"text.gif","size":"11125"},{"last-modified": "2025-02-19 16:39:37","name":"R89.htm","type":"text.gif","size":"10757"},{"last-modified": "2025-02-19 16:39:37","name":"R9.htm","type":"text.gif","size":"9046"},{"last-modified": "2025-02-19 16:39:37","name":"R90.htm","type":"text.gif","size":"32394"},{"last-modified": "2025-02-19 16:39:37","name":"R91.htm","type":"text.gif","size":"113376"},{"last-modified": "2025-02-19 16:39:37","name":"R92.htm","type":"text.gif","size":"67786"},{"last-modified": "2025-02-19 16:39:37","name":"R93.htm","type":"text.gif","size":"22378"},{"last-modified": "2025-02-19 16:39:37","name":"R94.htm","type":"text.gif","size":"20202"},{"last-modified": "2025-02-19 16:39:37","name":"R95.htm","type":"text.gif","size":"18014"},{"last-modified": "2025-02-19 16:39:37","name":"R96.htm","type":"text.gif","size":"45321"},{"last-modified": "2025-02-19 16:39:37","name":"R97.htm","type":"text.gif","size":"18219"},{"last-modified": "2025-02-19 16:39:37","name":"R98.htm","type":"text.gif","size":"30546"},{"last-modified": "2025-02-19 16:39:37","name":"R99.htm","type":"text.gif","size":"11773"},{"last-modified": "2025-02-19 16:39:37","name":"report.css","type":"text.gif","size":"2768"},{"last-modified": "2025-02-19 16:39:37","name":"Show.js","type":"text.gif","size":"1086"},{"last-modified": "2025-02-19 16:39:37","name":"xom-20241231.htm","type":"text.gif","size":"5980900"},{"last-modified": "2025-02-19 16:39:37","name":"xom-20241231.xsd","type":"text.gif","size":"124671"},{"last-modified": "2025-02-19 16:39:37","name":"xom-20241231_cal.xml","type":"text.gif","size":"144372"},{"last-modified": "2025-02-19 16:39:37","name":"xom-20241231_def.xml","type":"text.gif","size":"641446"},{"last-modified": "2025-02-19 16:39:37","name":"xom-20241231_g1.gif","type":"image2.gif","size":"35577"},{"last-modified": "2025-02-19 16:39:37","name":"xom-20241231_g10.jpg","type":"image2.gif","size":"61214"},{"last-modified": "2025-02-19 16:39:37","name":"xom-20241231_g11.jpg","type":"image2.gif","size":"63656"},{"last-modified": "2025-02-19 16:39:37","name":"xom-20241231_g12.jpg","type":"image2.gif","size":"60142"},{"last-modified": "2025-02-19 16:39:37","name":"xom-20241231_g13.jpg","type":"image2.gif","size":"59405"},{"last-modified": "2025-02-19 16:39:37","name":"xom-20241231_g14.jpg","type":"image2.gif","size":"277312"},{"last-modified": "2025-02-19 16:39:37","name":"xom-20241231_g15.jpg","type":"image2.gif","size":"461121"},{"last-modified": "2025-02-19 16:39:37","name":"xom-20241231_g16.jpg","type":"image2.gif","size":"267945"},{"last-modified": "2025-02-19 16:39:37","name":"xom-20241231_g2.jpg","type":"image2.gif","size":"28167"},{"last-modified": "2025-02-19 16:39:37","name":"xom-20241231_g3.jpg","type":"image2.gif","size":"84963"},{"last-modified": "2025-02-19 16:39:37","name":"xom-20241231_g4.jpg","type":"image2.gif","size":"75875"},{"last-modified": "2025-02-19 16:39:37","name":"xom-20241231_g5.jpg","type":"image2.gif","size":"74616"},{"last-modified": "2025-02-19 16:39:37","name":"xom-20241231_g6.jpg","type":"image2.gif","size":"65515"},{"last-modified": "2025-02-19 16:39:37","name":"xom-20241231_g7.jpg","type":"image2.gif","size":"64585"},{"last-modified": "2025-02-19 16:39:37","name":"xom-20241231_g8.jpg","type":"image2.gif","size":"63813"},{"last-modified": "2025-02-19 16:39:37","name":"xom-20241231_g9.jpg","type":"image2.gif","size":"65920"},{"last-modified": "2025-02-19 16:39:37","name":"xom-20241231_htm.xml","type":"text.gif","size":"4353418"},{"last-modified": "2025-02-19 16:39:37","name":"xom-20241231_lab.xml","type":"text.gif","size":"1265832"},{"last-modified": "2025-02-19 16:39:37","name":"xom-20241231_pre.xml","type":"text.gif","size":"955449"},{"last-modified": "2025-02-19 16:39:37","name":"xomexhibit10iiia3123124.htm","type":"text.gif","size":"23416"},{"last-modified": "2025-02-19 16:39:37","name":"xomexhibit10iiif3123124.htm","type":"text.gif","size":"8529"},{"last-modified": "2025-02-19 16:39:37","name":"xomexhibit14123124.htm","type":"text.gif","size":"17353"},{"last-modified": "2025-02-19 16:39:37","name":"xomexhibit19123124.htm","type":"text.gif","size":"34867"},{"last-modified": "2025-02-19 16:39:37","name":"xomexhibit21123124.htm","type":"text.gif","size":"105836"},{"last-modified": "2025-02-19 16:39:37","name":"xomexhibit23123124.htm","type":"text.gif","size":"2537"},{"last-modified": "2025-02-19 16:39:37","name":"xomlogo.gif","type":"image2.gif","size":"3735"},{"last-modified": "2025-02-19 16:39:37","name":"xomlogoa.gif","type":"image2.gif","size":"35577"}],"name":"\/Archives\/edgar\/data\/34088\/000003408825000010","parent-dir":"\/Archives\/edgar\/data\/34088"}}