{"directory":{"item":[{"last-modified": "2025-02-06 18:40:29","name":"0001018724-25-000004-index-headers.html","type":"text.gif","size":""},{"last-modified": "2025-02-06 18:40:29","name":"0001018724-25-000004-index.html","type":"text.gif","size":""},{"last-modified": "2025-02-06 18:40:29","name":"0001018724-25-000004.txt","type":"text.gif","size":""},{"last-modified": "2025-02-06 18:40:29","name":"0001018724-25-000004-xbrl.zip","type":"compressed.gif","size":"390106"},{"last-modified": "2025-02-06 18:40:29","name":"amzn-20241231.htm","type":"text.gif","size":"1922355"},{"last-modified": "2025-02-06 18:40:29","name":"amzn-20241231.xsd","type":"text.gif","size":"85177"},{"last-modified": "2025-02-06 18:40:29","name":"amzn-20241231xex191.htm","type":"text.gif","size":"32362"},{"last-modified": "2025-02-06 18:40:29","name":"amzn-20241231xex211.htm","type":"text.gif","size":"12957"},{"last-modified": "2025-02-06 18:40:29","name":"amzn-20241231xex231.htm","type":"text.gif","size":"6674"},{"last-modified": "2025-02-06 18:40:29","name":"amzn-20241231xex311.htm","type":"text.gif","size":"8266"},{"last-modified": "2025-02-06 18:40:29","name":"amzn-20241231xex312.htm","type":"text.gif","size":"8287"},{"last-modified": "2025-02-06 18:40:29","name":"amzn-20241231xex321.htm","type":"text.gif","size":"4362"},{"last-modified": "2025-02-06 18:40:29","name":"amzn-20241231xex322.htm","type":"text.gif","size":"4536"},{"last-modified": "2025-02-06 18:40:29","name":"amzn-20241231_cal.xml","type":"text.gif","size":"186788"},{"last-modified": "2025-02-06 18:40:29","name":"amzn-20241231_def.xml","type":"text.gif","size":"382312"},{"last-modified": "2025-02-06 18:40:29","name":"amzn-20241231_htm.xml","type":"text.gif","size":"1900279"},{"last-modified": "2025-02-06 18:40:29","name":"amzn-20241231_lab.xml","type":"text.gif","size":"1025798"},{"last-modified": "2025-02-06 18:40:29","name":"amzn-20241231_pre.xml","type":"text.gif","size":"703884"},{"last-modified": "2025-02-06 18:40:29","name":"FilingSummary.xml","type":"text.gif","size":"59363"},{"last-modified": "2025-02-06 18:40:29","name":"Financial_Report.xlsx","type":"text.gif","size":"160922"},{"last-modified": "2025-02-06 18:40:29","name":"MetaLinks.json","type":"text.gif","size":"1359918"},{"last-modified": "2025-02-06 18:40:29","name":"R1.htm","type":"text.gif","size":"65100"},{"last-modified": "2025-02-06 18:40:29","name":"R10.htm","type":"text.gif","size":"119487"},{"last-modified": "2025-02-06 18:40:29","name":"R11.htm","type":"text.gif","size":"80597"},{"last-modified": "2025-02-06 18:40:29","name":"R12.htm","type":"text.gif","size":"16576"},{"last-modified": "2025-02-06 18:40:29","name":"R13.htm","type":"text.gif","size":"92734"},{"last-modified": "2025-02-06 18:40:29","name":"R14.htm","type":"text.gif","size":"69807"},{"last-modified": "2025-02-06 18:40:29","name":"R15.htm","type":"text.gif","size":"45264"},{"last-modified": "2025-02-06 18:40:29","name":"R16.htm","type":"text.gif","size":"60181"},{"last-modified": "2025-02-06 18:40:29","name":"R17.htm","type":"text.gif","size":"46395"},{"last-modified": "2025-02-06 18:40:29","name":"R18.htm","type":"text.gif","size":"100953"},{"last-modified": "2025-02-06 18:40:29","name":"R19.htm","type":"text.gif","size":"131718"},{"last-modified": "2025-02-06 18:40:29","name":"R2.htm","type":"text.gif","size":"7799"},{"last-modified": "2025-02-06 18:40:29","name":"R20.htm","type":"text.gif","size":"14640"},{"last-modified": "2025-02-06 18:40:29","name":"R21.htm","type":"text.gif","size":"39880"},{"last-modified": "2025-02-06 18:40:29","name":"R22.htm","type":"text.gif","size":"4387"},{"last-modified": "2025-02-06 18:40:29","name":"R23.htm","type":"text.gif","size":"38263"},{"last-modified": "2025-02-06 18:40:29","name":"R24.htm","type":"text.gif","size":"135496"},{"last-modified": "2025-02-06 18:40:29","name":"R25.htm","type":"text.gif","size":"50554"},{"last-modified": "2025-02-06 18:40:29","name":"R26.htm","type":"text.gif","size":"94931"},{"last-modified": "2025-02-06 18:40:29","name":"R27.htm","type":"text.gif","size":"15595"},{"last-modified": "2025-02-06 18:40:29","name":"R28.htm","type":"text.gif","size":"50182"},{"last-modified": "2025-02-06 18:40:29","name":"R29.htm","type":"text.gif","size":"72527"},{"last-modified": "2025-02-06 18:40:29","name":"R3.htm","type":"text.gif","size":"85172"},{"last-modified": "2025-02-06 18:40:29","name":"R30.htm","type":"text.gif","size":"38092"},{"last-modified": "2025-02-06 18:40:29","name":"R31.htm","type":"text.gif","size":"42597"},{"last-modified": "2025-02-06 18:40:29","name":"R32.htm","type":"text.gif","size":"46208"},{"last-modified": "2025-02-06 18:40:29","name":"R33.htm","type":"text.gif","size":"97940"},{"last-modified": "2025-02-06 18:40:29","name":"R34.htm","type":"text.gif","size":"130622"},{"last-modified": "2025-02-06 18:40:29","name":"R35.htm","type":"text.gif","size":"5121"},{"last-modified": "2025-02-06 18:40:29","name":"R36.htm","type":"text.gif","size":"6558"},{"last-modified": "2025-02-06 18:40:29","name":"R37.htm","type":"text.gif","size":"74774"},{"last-modified": "2025-02-06 18:40:29","name":"R38.htm","type":"text.gif","size":"21365"},{"last-modified": "2025-02-06 18:40:29","name":"R39.htm","type":"text.gif","size":"10623"},{"last-modified": "2025-02-06 18:40:29","name":"R4.htm","type":"text.gif","size":"83985"},{"last-modified": "2025-02-06 18:40:29","name":"R40.htm","type":"text.gif","size":"16759"},{"last-modified": "2025-02-06 18:40:29","name":"R41.htm","type":"text.gif","size":"4841"},{"last-modified": "2025-02-06 18:40:29","name":"R42.htm","type":"text.gif","size":"14085"},{"last-modified": "2025-02-06 18:40:29","name":"R43.htm","type":"text.gif","size":"31756"},{"last-modified": "2025-02-06 18:40:29","name":"R44.htm","type":"text.gif","size":"4595"},{"last-modified": "2025-02-06 18:40:29","name":"R45.htm","type":"text.gif","size":"21100"},{"last-modified": "2025-02-06 18:40:29","name":"R46.htm","type":"text.gif","size":"17250"},{"last-modified": "2025-02-06 18:40:29","name":"R47.htm","type":"text.gif","size":"11693"},{"last-modified": "2025-02-06 18:40:29","name":"R48.htm","type":"text.gif","size":"4176"},{"last-modified": "2025-02-06 18:40:29","name":"R49.htm","type":"text.gif","size":"7382"},{"last-modified": "2025-02-06 18:40:29","name":"R5.htm","type":"text.gif","size":"41673"},{"last-modified": "2025-02-06 18:40:29","name":"R50.htm","type":"text.gif","size":"31398"},{"last-modified": "2025-02-06 18:40:29","name":"R51.htm","type":"text.gif","size":"11460"},{"last-modified": "2025-02-06 18:40:29","name":"R52.htm","type":"text.gif","size":"7133"},{"last-modified": "2025-02-06 18:40:29","name":"R53.htm","type":"text.gif","size":"17018"},{"last-modified": "2025-02-06 18:40:29","name":"R54.htm","type":"text.gif","size":"4392"},{"last-modified": "2025-02-06 18:40:29","name":"R55.htm","type":"text.gif","size":"91921"},{"last-modified": "2025-02-06 18:40:29","name":"R56.htm","type":"text.gif","size":"6738"},{"last-modified": "2025-02-06 18:40:29","name":"R57.htm","type":"text.gif","size":"28643"},{"last-modified": "2025-02-06 18:40:29","name":"R58.htm","type":"text.gif","size":"13815"},{"last-modified": "2025-02-06 18:40:29","name":"R59.htm","type":"text.gif","size":"22100"},{"last-modified": "2025-02-06 18:40:29","name":"R6.htm","type":"text.gif","size":"12487"},{"last-modified": "2025-02-06 18:40:29","name":"R60.htm","type":"text.gif","size":"7356"},{"last-modified": "2025-02-06 18:40:29","name":"R61.htm","type":"text.gif","size":"8571"},{"last-modified": "2025-02-06 18:40:29","name":"R62.htm","type":"text.gif","size":"17178"},{"last-modified": "2025-02-06 18:40:29","name":"R63.htm","type":"text.gif","size":"11440"},{"last-modified": "2025-02-06 18:40:29","name":"R64.htm","type":"text.gif","size":"38071"},{"last-modified": "2025-02-06 18:40:29","name":"R65.htm","type":"text.gif","size":"29618"},{"last-modified": "2025-02-06 18:40:29","name":"R66.htm","type":"text.gif","size":"20573"},{"last-modified": "2025-02-06 18:40:29","name":"R67.htm","type":"text.gif","size":"39359"},{"last-modified": "2025-02-06 18:40:29","name":"R68.htm","type":"text.gif","size":"20676"},{"last-modified": "2025-02-06 18:40:29","name":"R69.htm","type":"text.gif","size":"93486"},{"last-modified": "2025-02-06 18:40:29","name":"R7.htm","type":"text.gif","size":"92484"},{"last-modified": "2025-02-06 18:40:29","name":"R70.htm","type":"text.gif","size":"69562"},{"last-modified": "2025-02-06 18:40:29","name":"R71.htm","type":"text.gif","size":"22702"},{"last-modified": "2025-02-06 18:40:29","name":"R72.htm","type":"text.gif","size":"126891"},{"last-modified": "2025-02-06 18:40:29","name":"R73.htm","type":"text.gif","size":"30840"},{"last-modified": "2025-02-06 18:40:29","name":"R74.htm","type":"text.gif","size":"52874"},{"last-modified": "2025-02-06 18:40:29","name":"R75.htm","type":"text.gif","size":"18654"},{"last-modified": "2025-02-06 18:40:29","name":"R76.htm","type":"text.gif","size":"25792"},{"last-modified": "2025-02-06 18:40:29","name":"R77.htm","type":"text.gif","size":"18199"},{"last-modified": "2025-02-06 18:40:29","name":"R78.htm","type":"text.gif","size":"23894"},{"last-modified": "2025-02-06 18:40:29","name":"R79.htm","type":"text.gif","size":"32509"},{"last-modified": "2025-02-06 18:40:29","name":"R8.htm","type":"text.gif","size":"22154"},{"last-modified": "2025-02-06 18:40:29","name":"R80.htm","type":"text.gif","size":"11558"},{"last-modified": "2025-02-06 18:40:29","name":"R81.htm","type":"text.gif","size":"31381"},{"last-modified": "2025-02-06 18:40:29","name":"R82.htm","type":"text.gif","size":"34628"},{"last-modified": "2025-02-06 18:40:29","name":"R83.htm","type":"text.gif","size":"19580"},{"last-modified": "2025-02-06 18:40:29","name":"R84.htm","type":"text.gif","size":"12662"},{"last-modified": "2025-02-06 18:40:29","name":"R85.htm","type":"text.gif","size":"45342"},{"last-modified": "2025-02-06 18:40:29","name":"R86.htm","type":"text.gif","size":"25197"},{"last-modified": "2025-02-06 18:40:29","name":"R87.htm","type":"text.gif","size":"18911"},{"last-modified": "2025-02-06 18:40:29","name":"R88.htm","type":"text.gif","size":"22484"},{"last-modified": "2025-02-06 18:40:29","name":"R89.htm","type":"text.gif","size":"15358"},{"last-modified": "2025-02-06 18:40:29","name":"R9.htm","type":"text.gif","size":"47375"},{"last-modified": "2025-02-06 18:40:29","name":"R90.htm","type":"text.gif","size":"23758"},{"last-modified": "2025-02-06 18:40:29","name":"R91.htm","type":"text.gif","size":"11607"},{"last-modified": "2025-02-06 18:40:29","name":"report.css","type":"text.gif","size":"2768"},{"last-modified": "2025-02-06 18:40:29","name":"Show.js","type":"text.gif","size":"1086"}],"name":"\/Archives\/edgar\/data\/1018724\/000101872425000004","parent-dir":"\/Archives\/edgar\/data\/1018724"}}