{"directory":{"item":[{"last-modified": "2025-01-29 20:00:50","name":"0001326801-25-000017-index-headers.html","type":"text.gif","size":""},{"last-modified": "2025-01-29 20:00:50","name":"0001326801-25-000017-index.html","type":"text.gif","size":""},{"last-modified": "2025-01-29 20:00:50","name":"0001326801-25-000017.txt","type":"text.gif","size":""},{"last-modified": "2025-01-29 20:00:50","name":"0001326801-25-000017-xbrl.zip","type":"compressed.gif","size":"1328834"},{"last-modified": "2025-01-29 20:00:50","name":"FilingSummary.xml","type":"text.gif","size":"55772"},{"last-modified": "2025-01-29 20:00:50","name":"Financial_Report.xlsx","type":"text.gif","size":"154112"},{"last-modified": "2025-01-29 20:00:50","name":"meta-12312024x10kexhibit191.htm","type":"text.gif","size":"53389"},{"last-modified": "2025-01-29 20:00:50","name":"meta-12312024x10kexhibit192.htm","type":"text.gif","size":"38286"},{"last-modified": "2025-01-29 20:00:50","name":"meta-12312024x10kexhibit211.htm","type":"text.gif","size":"7715"},{"last-modified": "2025-01-29 20:00:50","name":"meta-12312024x10kexhibit231.htm","type":"text.gif","size":"7376"},{"last-modified": "2025-01-29 20:00:50","name":"meta-12312024x10kexhibit311.htm","type":"text.gif","size":"9612"},{"last-modified": "2025-01-29 20:00:50","name":"meta-12312024x10kexhibit312.htm","type":"text.gif","size":"9482"},{"last-modified": "2025-01-29 20:00:50","name":"meta-12312024x10kexhibit321.htm","type":"text.gif","size":"6078"},{"last-modified": "2025-01-29 20:00:50","name":"meta-12312024x10kexhibit322.htm","type":"text.gif","size":"5926"},{"last-modified": "2025-01-29 20:00:50","name":"meta-20241231.htm","type":"text.gif","size":"2369769"},{"last-modified": "2025-01-29 20:00:50","name":"meta-20241231.xsd","type":"text.gif","size":"59016"},{"last-modified": "2025-01-29 20:00:50","name":"meta-20241231_cal.xml","type":"text.gif","size":"133249"},{"last-modified": "2025-01-29 20:00:50","name":"meta-20241231_def.xml","type":"text.gif","size":"334917"},{"last-modified": "2025-01-29 20:00:50","name":"meta-20241231_g1.jpg","type":"image2.gif","size":"16019"},{"last-modified": "2025-01-29 20:00:50","name":"meta-20241231_g10.jpg","type":"image2.gif","size":"64768"},{"last-modified": "2025-01-29 20:00:50","name":"meta-20241231_g11.jpg","type":"image2.gif","size":"68248"},{"last-modified": "2025-01-29 20:00:50","name":"meta-20241231_g12.jpg","type":"image2.gif","size":"49100"},{"last-modified": "2025-01-29 20:00:50","name":"meta-20241231_g13.jpg","type":"image2.gif","size":"48879"},{"last-modified": "2025-01-29 20:00:50","name":"meta-20241231_g14.jpg","type":"image2.gif","size":"47002"},{"last-modified": "2025-01-29 20:00:50","name":"meta-20241231_g15.jpg","type":"image2.gif","size":"50869"},{"last-modified": "2025-01-29 20:00:50","name":"meta-20241231_g16.jpg","type":"image2.gif","size":"49288"},{"last-modified": "2025-01-29 20:00:50","name":"meta-20241231_g17.jpg","type":"image2.gif","size":"49520"},{"last-modified": "2025-01-29 20:00:50","name":"meta-20241231_g18.jpg","type":"image2.gif","size":"49347"},{"last-modified": "2025-01-29 20:00:50","name":"meta-20241231_g19.jpg","type":"image2.gif","size":"49917"},{"last-modified": "2025-01-29 20:00:50","name":"meta-20241231_g2.jpg","type":"image2.gif","size":"125673"},{"last-modified": "2025-01-29 20:00:50","name":"meta-20241231_g20.jpg","type":"image2.gif","size":"49998"},{"last-modified": "2025-01-29 20:00:50","name":"meta-20241231_g21.jpg","type":"image2.gif","size":"51271"},{"last-modified": "2025-01-29 20:00:50","name":"meta-20241231_g3.jpg","type":"image2.gif","size":"60326"},{"last-modified": "2025-01-29 20:00:50","name":"meta-20241231_g4.jpg","type":"image2.gif","size":"61880"},{"last-modified": "2025-01-29 20:00:50","name":"meta-20241231_g5.jpg","type":"image2.gif","size":"53921"},{"last-modified": "2025-01-29 20:00:50","name":"meta-20241231_g6.jpg","type":"image2.gif","size":"57716"},{"last-modified": "2025-01-29 20:00:50","name":"meta-20241231_g7.jpg","type":"image2.gif","size":"54761"},{"last-modified": "2025-01-29 20:00:50","name":"meta-20241231_g8.jpg","type":"image2.gif","size":"8011"},{"last-modified": "2025-01-29 20:00:50","name":"meta-20241231_g9.jpg","type":"image2.gif","size":"7906"},{"last-modified": "2025-01-29 20:00:50","name":"meta-20241231_htm.xml","type":"text.gif","size":"1823441"},{"last-modified": "2025-01-29 20:00:50","name":"meta-20241231_lab.xml","type":"text.gif","size":"819958"},{"last-modified": "2025-01-29 20:00:50","name":"meta-20241231_pre.xml","type":"text.gif","size":"610187"},{"last-modified": "2025-01-29 20:00:50","name":"MetaLinks.json","type":"text.gif","size":"1149658"},{"last-modified": "2025-01-29 20:00:50","name":"R1.htm","type":"text.gif","size":"68879"},{"last-modified": "2025-01-29 20:00:50","name":"R10.htm","type":"text.gif","size":"71990"},{"last-modified": "2025-01-29 20:00:50","name":"R11.htm","type":"text.gif","size":"33476"},{"last-modified": "2025-01-29 20:00:50","name":"R12.htm","type":"text.gif","size":"33129"},{"last-modified": "2025-01-29 20:00:50","name":"R13.htm","type":"text.gif","size":"37215"},{"last-modified": "2025-01-29 20:00:50","name":"R14.htm","type":"text.gif","size":"116811"},{"last-modified": "2025-01-29 20:00:50","name":"R15.htm","type":"text.gif","size":"14614"},{"last-modified": "2025-01-29 20:00:50","name":"R16.htm","type":"text.gif","size":"20416"},{"last-modified": "2025-01-29 20:00:50","name":"R17.htm","type":"text.gif","size":"112885"},{"last-modified": "2025-01-29 20:00:50","name":"R18.htm","type":"text.gif","size":"54195"},{"last-modified": "2025-01-29 20:00:50","name":"R19.htm","type":"text.gif","size":"24989"},{"last-modified": "2025-01-29 20:00:50","name":"R2.htm","type":"text.gif","size":"7751"},{"last-modified": "2025-01-29 20:00:50","name":"R20.htm","type":"text.gif","size":"15776"},{"last-modified": "2025-01-29 20:00:50","name":"R21.htm","type":"text.gif","size":"56880"},{"last-modified": "2025-01-29 20:00:50","name":"R22.htm","type":"text.gif","size":"33127"},{"last-modified": "2025-01-29 20:00:50","name":"R23.htm","type":"text.gif","size":"16507"},{"last-modified": "2025-01-29 20:00:50","name":"R24.htm","type":"text.gif","size":"98254"},{"last-modified": "2025-01-29 20:00:50","name":"R25.htm","type":"text.gif","size":"51657"},{"last-modified": "2025-01-29 20:00:50","name":"R26.htm","type":"text.gif","size":"14631"},{"last-modified": "2025-01-29 20:00:50","name":"R27.htm","type":"text.gif","size":"25972"},{"last-modified": "2025-01-29 20:00:50","name":"R28.htm","type":"text.gif","size":"4385"},{"last-modified": "2025-01-29 20:00:50","name":"R29.htm","type":"text.gif","size":"42606"},{"last-modified": "2025-01-29 20:00:50","name":"R3.htm","type":"text.gif","size":"100986"},{"last-modified": "2025-01-29 20:00:50","name":"R30.htm","type":"text.gif","size":"117747"},{"last-modified": "2025-01-29 20:00:50","name":"R31.htm","type":"text.gif","size":"9456"},{"last-modified": "2025-01-29 20:00:50","name":"R32.htm","type":"text.gif","size":"30529"},{"last-modified": "2025-01-29 20:00:50","name":"R33.htm","type":"text.gif","size":"35214"},{"last-modified": "2025-01-29 20:00:50","name":"R34.htm","type":"text.gif","size":"34518"},{"last-modified": "2025-01-29 20:00:50","name":"R35.htm","type":"text.gif","size":"118765"},{"last-modified": "2025-01-29 20:00:50","name":"R36.htm","type":"text.gif","size":"14644"},{"last-modified": "2025-01-29 20:00:50","name":"R37.htm","type":"text.gif","size":"18322"},{"last-modified": "2025-01-29 20:00:50","name":"R38.htm","type":"text.gif","size":"80273"},{"last-modified": "2025-01-29 20:00:50","name":"R39.htm","type":"text.gif","size":"60084"},{"last-modified": "2025-01-29 20:00:50","name":"R4.htm","type":"text.gif","size":"17084"},{"last-modified": "2025-01-29 20:00:50","name":"R40.htm","type":"text.gif","size":"27826"},{"last-modified": "2025-01-29 20:00:50","name":"R41.htm","type":"text.gif","size":"14440"},{"last-modified": "2025-01-29 20:00:50","name":"R42.htm","type":"text.gif","size":"9933"},{"last-modified": "2025-01-29 20:00:50","name":"R43.htm","type":"text.gif","size":"26496"},{"last-modified": "2025-01-29 20:00:50","name":"R44.htm","type":"text.gif","size":"15824"},{"last-modified": "2025-01-29 20:00:50","name":"R45.htm","type":"text.gif","size":"95406"},{"last-modified": "2025-01-29 20:00:50","name":"R46.htm","type":"text.gif","size":"44778"},{"last-modified": "2025-01-29 20:00:50","name":"R47.htm","type":"text.gif","size":"44478"},{"last-modified": "2025-01-29 20:00:50","name":"R48.htm","type":"text.gif","size":"20670"},{"last-modified": "2025-01-29 20:00:50","name":"R49.htm","type":"text.gif","size":"31346"},{"last-modified": "2025-01-29 20:00:50","name":"R5.htm","type":"text.gif","size":"74265"},{"last-modified": "2025-01-29 20:00:50","name":"R50.htm","type":"text.gif","size":"7306"},{"last-modified": "2025-01-29 20:00:50","name":"R51.htm","type":"text.gif","size":"22349"},{"last-modified": "2025-01-29 20:00:50","name":"R52.htm","type":"text.gif","size":"44472"},{"last-modified": "2025-01-29 20:00:50","name":"R53.htm","type":"text.gif","size":"19038"},{"last-modified": "2025-01-29 20:00:50","name":"R54.htm","type":"text.gif","size":"55504"},{"last-modified": "2025-01-29 20:00:50","name":"R55.htm","type":"text.gif","size":"72101"},{"last-modified": "2025-01-29 20:00:50","name":"R56.htm","type":"text.gif","size":"30222"},{"last-modified": "2025-01-29 20:00:50","name":"R57.htm","type":"text.gif","size":"9577"},{"last-modified": "2025-01-29 20:00:50","name":"R58.htm","type":"text.gif","size":"15321"},{"last-modified": "2025-01-29 20:00:50","name":"R59.htm","type":"text.gif","size":"4646"},{"last-modified": "2025-01-29 20:00:50","name":"R6.htm","type":"text.gif","size":"25638"},{"last-modified": "2025-01-29 20:00:50","name":"R60.htm","type":"text.gif","size":"27199"},{"last-modified": "2025-01-29 20:00:50","name":"R61.htm","type":"text.gif","size":"13503"},{"last-modified": "2025-01-29 20:00:50","name":"R62.htm","type":"text.gif","size":"13950"},{"last-modified": "2025-01-29 20:00:50","name":"R63.htm","type":"text.gif","size":"20794"},{"last-modified": "2025-01-29 20:00:50","name":"R64.htm","type":"text.gif","size":"13142"},{"last-modified": "2025-01-29 20:00:50","name":"R65.htm","type":"text.gif","size":"52145"},{"last-modified": "2025-01-29 20:00:50","name":"R66.htm","type":"text.gif","size":"15613"},{"last-modified": "2025-01-29 20:00:50","name":"R67.htm","type":"text.gif","size":"5622"},{"last-modified": "2025-01-29 20:00:50","name":"R68.htm","type":"text.gif","size":"17063"},{"last-modified": "2025-01-29 20:00:50","name":"R69.htm","type":"text.gif","size":"42840"},{"last-modified": "2025-01-29 20:00:50","name":"R7.htm","type":"text.gif","size":"62602"},{"last-modified": "2025-01-29 20:00:50","name":"R70.htm","type":"text.gif","size":"20746"},{"last-modified": "2025-01-29 20:00:50","name":"R71.htm","type":"text.gif","size":"26454"},{"last-modified": "2025-01-29 20:00:50","name":"R72.htm","type":"text.gif","size":"40465"},{"last-modified": "2025-01-29 20:00:50","name":"R73.htm","type":"text.gif","size":"17588"},{"last-modified": "2025-01-29 20:00:50","name":"R74.htm","type":"text.gif","size":"14424"},{"last-modified": "2025-01-29 20:00:50","name":"R75.htm","type":"text.gif","size":"33242"},{"last-modified": "2025-01-29 20:00:50","name":"R76.htm","type":"text.gif","size":"14642"},{"last-modified": "2025-01-29 20:00:50","name":"R77.htm","type":"text.gif","size":"24484"},{"last-modified": "2025-01-29 20:00:50","name":"R78.htm","type":"text.gif","size":"21986"},{"last-modified": "2025-01-29 20:00:50","name":"R79.htm","type":"text.gif","size":"29989"},{"last-modified": "2025-01-29 20:00:50","name":"R8.htm","type":"text.gif","size":"4352"},{"last-modified": "2025-01-29 20:00:50","name":"R80.htm","type":"text.gif","size":"15917"},{"last-modified": "2025-01-29 20:00:50","name":"R81.htm","type":"text.gif","size":"25857"},{"last-modified": "2025-01-29 20:00:50","name":"R82.htm","type":"text.gif","size":"24022"},{"last-modified": "2025-01-29 20:00:50","name":"R83.htm","type":"text.gif","size":"14726"},{"last-modified": "2025-01-29 20:00:50","name":"R84.htm","type":"text.gif","size":"12621"},{"last-modified": "2025-01-29 20:00:50","name":"R85.htm","type":"text.gif","size":"29082"},{"last-modified": "2025-01-29 20:00:50","name":"R86.htm","type":"text.gif","size":"26070"},{"last-modified": "2025-01-29 20:00:50","name":"R87.htm","type":"text.gif","size":"33642"},{"last-modified": "2025-01-29 20:00:50","name":"R88.htm","type":"text.gif","size":"34650"},{"last-modified": "2025-01-29 20:00:50","name":"R89.htm","type":"text.gif","size":"17325"},{"last-modified": "2025-01-29 20:00:50","name":"R9.htm","type":"text.gif","size":"113194"},{"last-modified": "2025-01-29 20:00:50","name":"R90.htm","type":"text.gif","size":"4892"},{"last-modified": "2025-01-29 20:00:50","name":"R91.htm","type":"text.gif","size":"23043"},{"last-modified": "2025-01-29 20:00:50","name":"R92.htm","type":"text.gif","size":"8713"},{"last-modified": "2025-01-29 20:00:50","name":"report.css","type":"text.gif","size":"2768"},{"last-modified": "2025-01-29 20:00:50","name":"Show.js","type":"text.gif","size":"1086"}],"name":"\/Archives\/edgar\/data\/1326801\/000132680125000017","parent-dir":"\/Archives\/edgar\/data\/1326801"}}