{"directory":{"item":[{"last-modified": "2025-02-26 16:48:33","name":"0001045810-25-000023-index-headers.html","type":"text.gif","size":""},{"last-modified": "2025-02-26 16:48:33","name":"0001045810-25-000023-index.html","type":"text.gif","size":""},{"last-modified": "2025-02-26 16:48:33","name":"0001045810-25-000023.txt","type":"text.gif","size":""},{"last-modified": "2025-02-26 16:48:33","name":"0001045810-25-000023-xbrl.zip","type":"compressed.gif","size":"534785"},{"last-modified": "2025-02-26 16:48:33","name":"consentofindependentregist.htm","type":"text.gif","size":"2287"},{"last-modified": "2025-02-26 16:48:33","name":"FilingSummary.xml","type":"text.gif","size":"54731"},{"last-modified": "2025-02-26 16:48:33","name":"Financial_Report.xlsx","type":"text.gif","size":"148114"},{"last-modified": "2025-02-26 16:48:33","name":"imagea.jpg","type":"image2.gif","size":"8479"},{"last-modified": "2025-02-26 16:48:33","name":"MetaLinks.json","type":"text.gif","size":"1256429"},{"last-modified": "2025-02-26 16:48:33","name":"nvda-20250126.htm","type":"text.gif","size":"2067520"},{"last-modified": "2025-02-26 16:48:33","name":"nvda-20250126.xsd","type":"text.gif","size":"69159"},{"last-modified": "2025-02-26 16:48:33","name":"nvda-20250126_cal.xml","type":"text.gif","size":"141339"},{"last-modified": "2025-02-26 16:48:33","name":"nvda-20250126_def.xml","type":"text.gif","size":"349171"},{"last-modified": "2025-02-26 16:48:33","name":"nvda-20250126_g1.jpg","type":"image2.gif","size":"7474"},{"last-modified": "2025-02-26 16:48:33","name":"nvda-20250126_g2.jpg","type":"image2.gif","size":"122533"},{"last-modified": "2025-02-26 16:48:33","name":"nvda-20250126_htm.xml","type":"text.gif","size":"1863403"},{"last-modified": "2025-02-26 16:48:33","name":"nvda-20250126_lab.xml","type":"text.gif","size":"934393"},{"last-modified": "2025-02-26 16:48:33","name":"nvda-20250126_pre.xml","type":"text.gif","size":"666184"},{"last-modified": "2025-02-26 16:48:33","name":"nvda-2025xex1013.htm","type":"text.gif","size":"94570"},{"last-modified": "2025-02-26 16:48:33","name":"nvda-2025xex1014.htm","type":"text.gif","size":"86636"},{"last-modified": "2025-02-26 16:48:33","name":"nvda-2025xex1015.htm","type":"text.gif","size":"109134"},{"last-modified": "2025-02-26 16:48:33","name":"nvda-2025xex191.htm","type":"text.gif","size":"22361"},{"last-modified": "2025-02-26 16:48:33","name":"nvda-2025xex311.htm","type":"text.gif","size":"8601"},{"last-modified": "2025-02-26 16:48:33","name":"nvda-2025xex312.htm","type":"text.gif","size":"8449"},{"last-modified": "2025-02-26 16:48:33","name":"nvda-2025xex321.htm","type":"text.gif","size":"5778"},{"last-modified": "2025-02-26 16:48:33","name":"nvda-2025xex322.htm","type":"text.gif","size":"5549"},{"last-modified": "2025-02-26 16:48:33","name":"nvda-2025xex46.htm","type":"text.gif","size":"22705"},{"last-modified": "2025-02-26 16:48:33","name":"R1.htm","type":"text.gif","size":"65052"},{"last-modified": "2025-02-26 16:48:33","name":"R10.htm","type":"text.gif","size":"45495"},{"last-modified": "2025-02-26 16:48:33","name":"R11.htm","type":"text.gif","size":"5551"},{"last-modified": "2025-02-26 16:48:33","name":"R12.htm","type":"text.gif","size":"59306"},{"last-modified": "2025-02-26 16:48:33","name":"R13.htm","type":"text.gif","size":"23438"},{"last-modified": "2025-02-26 16:48:33","name":"R14.htm","type":"text.gif","size":"5846"},{"last-modified": "2025-02-26 16:48:33","name":"R15.htm","type":"text.gif","size":"29241"},{"last-modified": "2025-02-26 16:48:33","name":"R16.htm","type":"text.gif","size":"121022"},{"last-modified": "2025-02-26 16:48:33","name":"R17.htm","type":"text.gif","size":"53865"},{"last-modified": "2025-02-26 16:48:33","name":"R18.htm","type":"text.gif","size":"73388"},{"last-modified": "2025-02-26 16:48:33","name":"R19.htm","type":"text.gif","size":"12307"},{"last-modified": "2025-02-26 16:48:33","name":"R2.htm","type":"text.gif","size":"7816"},{"last-modified": "2025-02-26 16:48:33","name":"R20.htm","type":"text.gif","size":"36729"},{"last-modified": "2025-02-26 16:48:33","name":"R21.htm","type":"text.gif","size":"33666"},{"last-modified": "2025-02-26 16:48:33","name":"R22.htm","type":"text.gif","size":"117699"},{"last-modified": "2025-02-26 16:48:33","name":"R23.htm","type":"text.gif","size":"10940"},{"last-modified": "2025-02-26 16:48:33","name":"R24.htm","type":"text.gif","size":"8161"},{"last-modified": "2025-02-26 16:48:33","name":"R25.htm","type":"text.gif","size":"103010"},{"last-modified": "2025-02-26 16:48:33","name":"R26.htm","type":"text.gif","size":"22916"},{"last-modified": "2025-02-26 16:48:33","name":"R27.htm","type":"text.gif","size":"42902"},{"last-modified": "2025-02-26 16:48:33","name":"R28.htm","type":"text.gif","size":"14632"},{"last-modified": "2025-02-26 16:48:33","name":"R29.htm","type":"text.gif","size":"39546"},{"last-modified": "2025-02-26 16:48:33","name":"R3.htm","type":"text.gif","size":"93243"},{"last-modified": "2025-02-26 16:48:33","name":"R30.htm","type":"text.gif","size":"4387"},{"last-modified": "2025-02-26 16:48:33","name":"R31.htm","type":"text.gif","size":"37903"},{"last-modified": "2025-02-26 16:48:33","name":"R32.htm","type":"text.gif","size":"106703"},{"last-modified": "2025-02-26 16:48:33","name":"R33.htm","type":"text.gif","size":"58092"},{"last-modified": "2025-02-26 16:48:33","name":"R34.htm","type":"text.gif","size":"22995"},{"last-modified": "2025-02-26 16:48:33","name":"R35.htm","type":"text.gif","size":"30692"},{"last-modified": "2025-02-26 16:48:33","name":"R36.htm","type":"text.gif","size":"123540"},{"last-modified": "2025-02-26 16:48:33","name":"R37.htm","type":"text.gif","size":"50982"},{"last-modified": "2025-02-26 16:48:33","name":"R38.htm","type":"text.gif","size":"81088"},{"last-modified": "2025-02-26 16:48:33","name":"R39.htm","type":"text.gif","size":"9402"},{"last-modified": "2025-02-26 16:48:33","name":"R4.htm","type":"text.gif","size":"43200"},{"last-modified": "2025-02-26 16:48:33","name":"R40.htm","type":"text.gif","size":"32045"},{"last-modified": "2025-02-26 16:48:33","name":"R41.htm","type":"text.gif","size":"23539"},{"last-modified": "2025-02-26 16:48:33","name":"R42.htm","type":"text.gif","size":"117044"},{"last-modified": "2025-02-26 16:48:33","name":"R43.htm","type":"text.gif","size":"99787"},{"last-modified": "2025-02-26 16:48:33","name":"R44.htm","type":"text.gif","size":"23162"},{"last-modified": "2025-02-26 16:48:33","name":"R45.htm","type":"text.gif","size":"56868"},{"last-modified": "2025-02-26 16:48:33","name":"R46.htm","type":"text.gif","size":"6366"},{"last-modified": "2025-02-26 16:48:33","name":"R47.htm","type":"text.gif","size":"12136"},{"last-modified": "2025-02-26 16:48:33","name":"R48.htm","type":"text.gif","size":"51156"},{"last-modified": "2025-02-26 16:48:33","name":"R49.htm","type":"text.gif","size":"47552"},{"last-modified": "2025-02-26 16:48:33","name":"R5.htm","type":"text.gif","size":"107016"},{"last-modified": "2025-02-26 16:48:33","name":"R50.htm","type":"text.gif","size":"27698"},{"last-modified": "2025-02-26 16:48:33","name":"R51.htm","type":"text.gif","size":"40707"},{"last-modified": "2025-02-26 16:48:33","name":"R52.htm","type":"text.gif","size":"20020"},{"last-modified": "2025-02-26 16:48:33","name":"R53.htm","type":"text.gif","size":"41477"},{"last-modified": "2025-02-26 16:48:33","name":"R54.htm","type":"text.gif","size":"64239"},{"last-modified": "2025-02-26 16:48:33","name":"R55.htm","type":"text.gif","size":"32470"},{"last-modified": "2025-02-26 16:48:33","name":"R56.htm","type":"text.gif","size":"20936"},{"last-modified": "2025-02-26 16:48:33","name":"R57.htm","type":"text.gif","size":"60922"},{"last-modified": "2025-02-26 16:48:33","name":"R58.htm","type":"text.gif","size":"10595"},{"last-modified": "2025-02-26 16:48:33","name":"R59.htm","type":"text.gif","size":"10821"},{"last-modified": "2025-02-26 16:48:33","name":"R6.htm","type":"text.gif","size":"18943"},{"last-modified": "2025-02-26 16:48:33","name":"R60.htm","type":"text.gif","size":"19016"},{"last-modified": "2025-02-26 16:48:33","name":"R61.htm","type":"text.gif","size":"13784"},{"last-modified": "2025-02-26 16:48:33","name":"R62.htm","type":"text.gif","size":"29449"},{"last-modified": "2025-02-26 16:48:33","name":"R63.htm","type":"text.gif","size":"17410"},{"last-modified": "2025-02-26 16:48:33","name":"R64.htm","type":"text.gif","size":"36731"},{"last-modified": "2025-02-26 16:48:33","name":"R65.htm","type":"text.gif","size":"18917"},{"last-modified": "2025-02-26 16:48:33","name":"R66.htm","type":"text.gif","size":"8891"},{"last-modified": "2025-02-26 16:48:33","name":"R67.htm","type":"text.gif","size":"17040"},{"last-modified": "2025-02-26 16:48:33","name":"R68.htm","type":"text.gif","size":"9465"},{"last-modified": "2025-02-26 16:48:33","name":"R69.htm","type":"text.gif","size":"5989"},{"last-modified": "2025-02-26 16:48:33","name":"R7.htm","type":"text.gif","size":"64120"},{"last-modified": "2025-02-26 16:48:33","name":"R70.htm","type":"text.gif","size":"18833"},{"last-modified": "2025-02-26 16:48:33","name":"R71.htm","type":"text.gif","size":"52366"},{"last-modified": "2025-02-26 16:48:33","name":"R72.htm","type":"text.gif","size":"16877"},{"last-modified": "2025-02-26 16:48:33","name":"R73.htm","type":"text.gif","size":"15188"},{"last-modified": "2025-02-26 16:48:33","name":"R74.htm","type":"text.gif","size":"10145"},{"last-modified": "2025-02-26 16:48:33","name":"R75.htm","type":"text.gif","size":"40813"},{"last-modified": "2025-02-26 16:48:33","name":"R76.htm","type":"text.gif","size":"55138"},{"last-modified": "2025-02-26 16:48:33","name":"R77.htm","type":"text.gif","size":"42473"},{"last-modified": "2025-02-26 16:48:33","name":"R78.htm","type":"text.gif","size":"43077"},{"last-modified": "2025-02-26 16:48:33","name":"R79.htm","type":"text.gif","size":"19461"},{"last-modified": "2025-02-26 16:48:33","name":"R8.htm","type":"text.gif","size":"4597"},{"last-modified": "2025-02-26 16:48:33","name":"R80.htm","type":"text.gif","size":"22746"},{"last-modified": "2025-02-26 16:48:33","name":"R81.htm","type":"text.gif","size":"4480"},{"last-modified": "2025-02-26 16:48:33","name":"R82.htm","type":"text.gif","size":"20017"},{"last-modified": "2025-02-26 16:48:33","name":"R83.htm","type":"text.gif","size":"27433"},{"last-modified": "2025-02-26 16:48:33","name":"R84.htm","type":"text.gif","size":"17718"},{"last-modified": "2025-02-26 16:48:33","name":"R85.htm","type":"text.gif","size":"27535"},{"last-modified": "2025-02-26 16:48:33","name":"R86.htm","type":"text.gif","size":"19003"},{"last-modified": "2025-02-26 16:48:33","name":"R87.htm","type":"text.gif","size":"26587"},{"last-modified": "2025-02-26 16:48:33","name":"R88.htm","type":"text.gif","size":"26548"},{"last-modified": "2025-02-26 16:48:33","name":"R89.htm","type":"text.gif","size":"18579"},{"last-modified": "2025-02-26 16:48:33","name":"R9.htm","type":"text.gif","size":"100220"},{"last-modified": "2025-02-26 16:48:33","name":"R90.htm","type":"text.gif","size":"7070"},{"last-modified": "2025-02-26 16:48:33","name":"R91.htm","type":"text.gif","size":"17611"},{"last-modified": "2025-02-26 16:48:33","name":"report.css","type":"text.gif","size":"2768"},{"last-modified": "2025-02-26 16:48:33","name":"Show.js","type":"text.gif","size":"1086"},{"last-modified": "2025-02-26 16:48:33","name":"subsidiariesofregistrantfy.htm","type":"text.gif","size":"3602"}],"name":"\/Archives\/edgar\/data\/1045810\/000104581025000023","parent-dir":"\/Archives\/edgar\/data\/1045810"}}