{"directory":{"item":[{"last-modified": "2025-10-03 14:42:25","name":"0000723125-25-000028-index-headers.html","type":"text.gif","size":""},{"last-modified": "2025-10-03 14:42:25","name":"0000723125-25-000028-index.html","type":"text.gif","size":""},{"last-modified": "2025-10-03 14:42:25","name":"0000723125-25-000028.txt","type":"text.gif","size":""},{"last-modified": "2025-10-03 14:42:25","name":"0000723125-25-000028-xbrl.zip","type":"compressed.gif","size":"3185334"},{"last-modified": "2025-10-03 14:42:25","name":"a2025q4ex191-insidertradin.htm","type":"text.gif","size":"70616"},{"last-modified": "2025-10-03 14:42:25","name":"a2025q4ex211-subsidiarieso.htm","type":"text.gif","size":"12913"},{"last-modified": "2025-10-03 14:42:25","name":"a2025q4ex231-consentofinde.htm","type":"text.gif","size":"2288"},{"last-modified": "2025-10-03 14:42:25","name":"ex1032-iddfaamendmentno2.htm","type":"text.gif","size":"205396"},{"last-modified": "2025-10-03 14:42:25","name":"ex1033-nydfaamendmentno2.htm","type":"text.gif","size":"152844"},{"last-modified": "2025-10-03 14:42:25","name":"ex1034-amendedandrestatedp.htm","type":"text.gif","size":"266590"},{"last-modified": "2025-10-03 14:42:25","name":"ex311-ceocertq4x25.htm","type":"text.gif","size":"9953"},{"last-modified": "2025-10-03 14:42:25","name":"ex312-cfocertq4x25.htm","type":"text.gif","size":"9900"},{"last-modified": "2025-10-03 14:42:25","name":"ex321-906ceocertq4x25.htm","type":"text.gif","size":"3766"},{"last-modified": "2025-10-03 14:42:25","name":"ex322-906cfocertq4x25.htm","type":"text.gif","size":"3758"},{"last-modified": "2025-10-03 14:42:25","name":"FilingSummary.xml","type":"text.gif","size":"66306"},{"last-modified": "2025-10-03 14:42:25","name":"image_0.jpg","type":"image2.gif","size":"33814"},{"last-modified": "2025-10-03 14:42:25","name":"MetaLinks.json","type":"text.gif","size":"1518487"},{"last-modified": "2025-10-03 14:42:25","name":"mu-20250828.htm","type":"text.gif","size":"2439110"},{"last-modified": "2025-10-03 14:42:25","name":"mu-20250828.xsd","type":"text.gif","size":"76887"},{"last-modified": "2025-10-03 14:42:25","name":"mu-20250828_cal.xml","type":"text.gif","size":"126133"},{"last-modified": "2025-10-03 14:42:25","name":"mu-20250828_def.xml","type":"text.gif","size":"458384"},{"last-modified": "2025-10-03 14:42:25","name":"mu-20250828_g1.jpg","type":"image2.gif","size":"1975166"},{"last-modified": "2025-10-03 14:42:25","name":"mu-20250828_g10.jpg","type":"image2.gif","size":"114429"},{"last-modified": "2025-10-03 14:42:25","name":"mu-20250828_g11.jpg","type":"image2.gif","size":"52328"},{"last-modified": "2025-10-03 14:42:25","name":"mu-20250828_g12.jpg","type":"image2.gif","size":"60731"},{"last-modified": "2025-10-03 14:42:25","name":"mu-20250828_g13.jpg","type":"image2.gif","size":"157016"},{"last-modified": "2025-10-03 14:42:25","name":"mu-20250828_g14.jpg","type":"image2.gif","size":"86414"},{"last-modified": "2025-10-03 14:42:25","name":"mu-20250828_g2.jpg","type":"image2.gif","size":"388201"},{"last-modified": "2025-10-03 14:42:25","name":"mu-20250828_g3.jpg","type":"image2.gif","size":"12982"},{"last-modified": "2025-10-03 14:42:25","name":"mu-20250828_g4.jpg","type":"image2.gif","size":"86530"},{"last-modified": "2025-10-03 14:42:25","name":"mu-20250828_g5.jpg","type":"image2.gif","size":"103881"},{"last-modified": "2025-10-03 14:42:25","name":"mu-20250828_g6.jpg","type":"image2.gif","size":"46014"},{"last-modified": "2025-10-03 14:42:25","name":"mu-20250828_g7.jpg","type":"image2.gif","size":"64487"},{"last-modified": "2025-10-03 14:42:25","name":"mu-20250828_g8.jpg","type":"image2.gif","size":"59089"},{"last-modified": "2025-10-03 14:42:25","name":"mu-20250828_g9.jpg","type":"image2.gif","size":"102776"},{"last-modified": "2025-10-03 14:42:25","name":"mu-20250828_htm.xml","type":"text.gif","size":"2367515"},{"last-modified": "2025-10-03 14:42:25","name":"mu-20250828_lab.xml","type":"text.gif","size":"1111515"},{"last-modified": "2025-10-03 14:42:25","name":"mu-20250828_pre.xml","type":"text.gif","size":"806681"},{"last-modified": "2025-10-03 14:42:25","name":"R1.htm","type":"text.gif","size":"65272"},{"last-modified": "2025-10-03 14:42:25","name":"R10.htm","type":"text.gif","size":"16204"},{"last-modified": "2025-10-03 14:42:25","name":"R100.htm","type":"text.gif","size":"43984"},{"last-modified": "2025-10-03 14:42:25","name":"R101.htm","type":"text.gif","size":"59866"},{"last-modified": "2025-10-03 14:42:25","name":"R102.htm","type":"text.gif","size":"8906"},{"last-modified": "2025-10-03 14:42:25","name":"R103.htm","type":"text.gif","size":"35565"},{"last-modified": "2025-10-03 14:42:25","name":"R104.htm","type":"text.gif","size":"38852"},{"last-modified": "2025-10-03 14:42:25","name":"R105.htm","type":"text.gif","size":"32437"},{"last-modified": "2025-10-03 14:42:25","name":"R106.htm","type":"text.gif","size":"34000"},{"last-modified": "2025-10-03 14:42:25","name":"R107.htm","type":"text.gif","size":"48718"},{"last-modified": "2025-10-03 14:42:25","name":"R108.htm","type":"text.gif","size":"65383"},{"last-modified": "2025-10-03 14:42:25","name":"R109.htm","type":"text.gif","size":"55875"},{"last-modified": "2025-10-03 14:42:25","name":"R11.htm","type":"text.gif","size":"5471"},{"last-modified": "2025-10-03 14:42:25","name":"R110.htm","type":"text.gif","size":"20536"},{"last-modified": "2025-10-03 14:42:25","name":"R111.htm","type":"text.gif","size":"28289"},{"last-modified": "2025-10-03 14:42:25","name":"R112.htm","type":"text.gif","size":"12149"},{"last-modified": "2025-10-03 14:42:25","name":"R113.htm","type":"text.gif","size":"25640"},{"last-modified": "2025-10-03 14:42:25","name":"R114.htm","type":"text.gif","size":"19985"},{"last-modified": "2025-10-03 14:42:25","name":"R115.htm","type":"text.gif","size":"11329"},{"last-modified": "2025-10-03 14:42:25","name":"R12.htm","type":"text.gif","size":"48004"},{"last-modified": "2025-10-03 14:42:25","name":"R13.htm","type":"text.gif","size":"11641"},{"last-modified": "2025-10-03 14:42:25","name":"R14.htm","type":"text.gif","size":"10536"},{"last-modified": "2025-10-03 14:42:25","name":"R15.htm","type":"text.gif","size":"17200"},{"last-modified": "2025-10-03 14:42:25","name":"R16.htm","type":"text.gif","size":"89049"},{"last-modified": "2025-10-03 14:42:25","name":"R17.htm","type":"text.gif","size":"20016"},{"last-modified": "2025-10-03 14:42:25","name":"R18.htm","type":"text.gif","size":"13235"},{"last-modified": "2025-10-03 14:42:25","name":"R19.htm","type":"text.gif","size":"138229"},{"last-modified": "2025-10-03 14:42:25","name":"R2.htm","type":"text.gif","size":"7807"},{"last-modified": "2025-10-03 14:42:25","name":"R20.htm","type":"text.gif","size":"5323"},{"last-modified": "2025-10-03 14:42:25","name":"R21.htm","type":"text.gif","size":"23827"},{"last-modified": "2025-10-03 14:42:25","name":"R22.htm","type":"text.gif","size":"29322"},{"last-modified": "2025-10-03 14:42:25","name":"R23.htm","type":"text.gif","size":"15275"},{"last-modified": "2025-10-03 14:42:25","name":"R24.htm","type":"text.gif","size":"49202"},{"last-modified": "2025-10-03 14:42:25","name":"R25.htm","type":"text.gif","size":"49590"},{"last-modified": "2025-10-03 14:42:25","name":"R26.htm","type":"text.gif","size":"9549"},{"last-modified": "2025-10-03 14:42:25","name":"R27.htm","type":"text.gif","size":"21463"},{"last-modified": "2025-10-03 14:42:25","name":"R28.htm","type":"text.gif","size":"18578"},{"last-modified": "2025-10-03 14:42:25","name":"R29.htm","type":"text.gif","size":"14824"},{"last-modified": "2025-10-03 14:42:25","name":"R3.htm","type":"text.gif","size":"98393"},{"last-modified": "2025-10-03 14:42:25","name":"R30.htm","type":"text.gif","size":"15492"},{"last-modified": "2025-10-03 14:42:25","name":"R31.htm","type":"text.gif","size":"13447"},{"last-modified": "2025-10-03 14:42:25","name":"R32.htm","type":"text.gif","size":"130599"},{"last-modified": "2025-10-03 14:42:25","name":"R33.htm","type":"text.gif","size":"20324"},{"last-modified": "2025-10-03 14:42:25","name":"R34.htm","type":"text.gif","size":"149823"},{"last-modified": "2025-10-03 14:42:25","name":"R35.htm","type":"text.gif","size":"8911"},{"last-modified": "2025-10-03 14:42:25","name":"R36.htm","type":"text.gif","size":"31319"},{"last-modified": "2025-10-03 14:42:25","name":"R37.htm","type":"text.gif","size":"15103"},{"last-modified": "2025-10-03 14:42:25","name":"R38.htm","type":"text.gif","size":"31434"},{"last-modified": "2025-10-03 14:42:25","name":"R39.htm","type":"text.gif","size":"4371"},{"last-modified": "2025-10-03 14:42:25","name":"R4.htm","type":"text.gif","size":"40127"},{"last-modified": "2025-10-03 14:42:25","name":"R40.htm","type":"text.gif","size":"39724"},{"last-modified": "2025-10-03 14:42:25","name":"R41.htm","type":"text.gif","size":"74579"},{"last-modified": "2025-10-03 14:42:25","name":"R42.htm","type":"text.gif","size":"10763"},{"last-modified": "2025-10-03 14:42:25","name":"R43.htm","type":"text.gif","size":"94155"},{"last-modified": "2025-10-03 14:42:25","name":"R44.htm","type":"text.gif","size":"11783"},{"last-modified": "2025-10-03 14:42:25","name":"R45.htm","type":"text.gif","size":"11302"},{"last-modified": "2025-10-03 14:42:25","name":"R46.htm","type":"text.gif","size":"16027"},{"last-modified": "2025-10-03 14:42:25","name":"R47.htm","type":"text.gif","size":"58719"},{"last-modified": "2025-10-03 14:42:25","name":"R48.htm","type":"text.gif","size":"18758"},{"last-modified": "2025-10-03 14:42:25","name":"R49.htm","type":"text.gif","size":"12568"},{"last-modified": "2025-10-03 14:42:25","name":"R5.htm","type":"text.gif","size":"121443"},{"last-modified": "2025-10-03 14:42:25","name":"R50.htm","type":"text.gif","size":"131046"},{"last-modified": "2025-10-03 14:42:25","name":"R51.htm","type":"text.gif","size":"23009"},{"last-modified": "2025-10-03 14:42:25","name":"R52.htm","type":"text.gif","size":"9786"},{"last-modified": "2025-10-03 14:42:25","name":"R53.htm","type":"text.gif","size":"38482"},{"last-modified": "2025-10-03 14:42:25","name":"R54.htm","type":"text.gif","size":"48618"},{"last-modified": "2025-10-03 14:42:25","name":"R55.htm","type":"text.gif","size":"12594"},{"last-modified": "2025-10-03 14:42:25","name":"R56.htm","type":"text.gif","size":"12817"},{"last-modified": "2025-10-03 14:42:25","name":"R57.htm","type":"text.gif","size":"13663"},{"last-modified": "2025-10-03 14:42:25","name":"R58.htm","type":"text.gif","size":"15633"},{"last-modified": "2025-10-03 14:42:25","name":"R59.htm","type":"text.gif","size":"12913"},{"last-modified": "2025-10-03 14:42:25","name":"R6.htm","type":"text.gif","size":"13844"},{"last-modified": "2025-10-03 14:42:25","name":"R60.htm","type":"text.gif","size":"158810"},{"last-modified": "2025-10-03 14:42:25","name":"R61.htm","type":"text.gif","size":"22198"},{"last-modified": "2025-10-03 14:42:25","name":"R62.htm","type":"text.gif","size":"141273"},{"last-modified": "2025-10-03 14:42:25","name":"R63.htm","type":"text.gif","size":"32802"},{"last-modified": "2025-10-03 14:42:25","name":"R64.htm","type":"text.gif","size":"14335"},{"last-modified": "2025-10-03 14:42:25","name":"R65.htm","type":"text.gif","size":"14976"},{"last-modified": "2025-10-03 14:42:25","name":"R66.htm","type":"text.gif","size":"15651"},{"last-modified": "2025-10-03 14:42:25","name":"R67.htm","type":"text.gif","size":"10990"},{"last-modified": "2025-10-03 14:42:25","name":"R68.htm","type":"text.gif","size":"67007"},{"last-modified": "2025-10-03 14:42:25","name":"R69.htm","type":"text.gif","size":"12178"},{"last-modified": "2025-10-03 14:42:25","name":"R7.htm","type":"text.gif","size":"66189"},{"last-modified": "2025-10-03 14:42:25","name":"R70.htm","type":"text.gif","size":"14221"},{"last-modified": "2025-10-03 14:42:25","name":"R71.htm","type":"text.gif","size":"35743"},{"last-modified": "2025-10-03 14:42:25","name":"R72.htm","type":"text.gif","size":"62309"},{"last-modified": "2025-10-03 14:42:25","name":"R73.htm","type":"text.gif","size":"46437"},{"last-modified": "2025-10-03 14:42:25","name":"R74.htm","type":"text.gif","size":"9748"},{"last-modified": "2025-10-03 14:42:25","name":"R75.htm","type":"text.gif","size":"54850"},{"last-modified": "2025-10-03 14:42:25","name":"R76.htm","type":"text.gif","size":"15658"},{"last-modified": "2025-10-03 14:42:25","name":"R77.htm","type":"text.gif","size":"103097"},{"last-modified": "2025-10-03 14:42:25","name":"R78.htm","type":"text.gif","size":"90728"},{"last-modified": "2025-10-03 14:42:25","name":"R79.htm","type":"text.gif","size":"46205"},{"last-modified": "2025-10-03 14:42:25","name":"R8.htm","type":"text.gif","size":"94757"},{"last-modified": "2025-10-03 14:42:25","name":"R80.htm","type":"text.gif","size":"29965"},{"last-modified": "2025-10-03 14:42:25","name":"R81.htm","type":"text.gif","size":"20639"},{"last-modified": "2025-10-03 14:42:25","name":"R82.htm","type":"text.gif","size":"58795"},{"last-modified": "2025-10-03 14:42:25","name":"R83.htm","type":"text.gif","size":"27538"},{"last-modified": "2025-10-03 14:42:25","name":"R84.htm","type":"text.gif","size":"46028"},{"last-modified": "2025-10-03 14:42:25","name":"R85.htm","type":"text.gif","size":"9981"},{"last-modified": "2025-10-03 14:42:25","name":"R86.htm","type":"text.gif","size":"40554"},{"last-modified": "2025-10-03 14:42:25","name":"R87.htm","type":"text.gif","size":"22103"},{"last-modified": "2025-10-03 14:42:25","name":"R88.htm","type":"text.gif","size":"65210"},{"last-modified": "2025-10-03 14:42:25","name":"R89.htm","type":"text.gif","size":"35422"},{"last-modified": "2025-10-03 14:42:25","name":"R9.htm","type":"text.gif","size":"22871"},{"last-modified": "2025-10-03 14:42:25","name":"R90.htm","type":"text.gif","size":"31104"},{"last-modified": "2025-10-03 14:42:25","name":"R91.htm","type":"text.gif","size":"16999"},{"last-modified": "2025-10-03 14:42:25","name":"R92.htm","type":"text.gif","size":"12345"},{"last-modified": "2025-10-03 14:42:25","name":"R93.htm","type":"text.gif","size":"13559"},{"last-modified": "2025-10-03 14:42:25","name":"R94.htm","type":"text.gif","size":"45166"},{"last-modified": "2025-10-03 14:42:25","name":"R95.htm","type":"text.gif","size":"17715"},{"last-modified": "2025-10-03 14:42:25","name":"R96.htm","type":"text.gif","size":"31797"},{"last-modified": "2025-10-03 14:42:25","name":"R97.htm","type":"text.gif","size":"13121"},{"last-modified": "2025-10-03 14:42:25","name":"R98.htm","type":"text.gif","size":"15244"},{"last-modified": "2025-10-03 14:42:25","name":"R99.htm","type":"text.gif","size":"12441"},{"last-modified": "2025-10-03 14:42:25","name":"report.css","type":"text.gif","size":"2768"},{"last-modified": "2025-10-03 14:42:25","name":"Show.js","type":"text.gif","size":"1086"}],"name":"\/Archives\/edgar\/data\/723125\/000072312525000028","parent-dir":"\/Archives\/edgar\/data\/723125"}}