{"directory":{"item":[{"last-modified": "2025-02-13 16:07:39","name":"0000200406-25-000038-index-headers.html","type":"text.gif","size":""},{"last-modified": "2025-02-13 16:07:39","name":"0000200406-25-000038-index.html","type":"text.gif","size":""},{"last-modified": "2025-02-13 16:07:39","name":"0000200406-25-000038.txt","type":"text.gif","size":""},{"last-modified": "2025-02-13 16:07:39","name":"0000200406-25-000038-xbrl.zip","type":"compressed.gif","size":"1737822"},{"last-modified": "2025-02-13 16:07:39","name":"ex10ab-executivecashsevera.htm","type":"text.gif","size":"7959"},{"last-modified": "2025-02-13 16:07:39","name":"ex21-subsidiariesxform10xk.htm","type":"text.gif","size":"208146"},{"last-modified": "2025-02-13 16:07:39","name":"ex23-pwcconsentxform10xkx2.htm","type":"text.gif","size":"2163"},{"last-modified": "2025-02-13 16:07:39","name":"ex311-302certofceoxform10x.htm","type":"text.gif","size":"9973"},{"last-modified": "2025-02-13 16:07:39","name":"ex312-302certofcfoxform10x.htm","type":"text.gif","size":"9971"},{"last-modified": "2025-02-13 16:07:39","name":"ex321-906certofceoxform10x.htm","type":"text.gif","size":"7196"},{"last-modified": "2025-02-13 16:07:39","name":"ex322-906certofcfoxform10x.htm","type":"text.gif","size":"6103"},{"last-modified": "2025-02-13 16:07:39","name":"ex4b-descriptionofcapitals.htm","type":"text.gif","size":"70049"},{"last-modified": "2025-02-13 16:07:39","name":"FilingSummary.xml","type":"text.gif","size":"74915"},{"last-modified": "2025-02-13 16:07:39","name":"Financial_Report.xlsx","type":"text.gif","size":"257783"},{"last-modified": "2025-02-13 16:07:39","name":"jnj-20241229.htm","type":"text.gif","size":"3662321"},{"last-modified": "2025-02-13 16:07:39","name":"jnj-20241229.xsd","type":"text.gif","size":"128616"},{"last-modified": "2025-02-13 16:07:39","name":"jnj-20241229_cal.xml","type":"text.gif","size":"141429"},{"last-modified": "2025-02-13 16:07:39","name":"jnj-20241229_def.xml","type":"text.gif","size":"712349"},{"last-modified": "2025-02-13 16:07:39","name":"jnj-20241229_g1.jpg","type":"image2.gif","size":"24354"},{"last-modified": "2025-02-13 16:07:39","name":"jnj-20241229_g10.jpg","type":"image2.gif","size":"40246"},{"last-modified": "2025-02-13 16:07:39","name":"jnj-20241229_g11.jpg","type":"image2.gif","size":"118968"},{"last-modified": "2025-02-13 16:07:39","name":"jnj-20241229_g12.jpg","type":"image2.gif","size":"91453"},{"last-modified": "2025-02-13 16:07:39","name":"jnj-20241229_g13.jpg","type":"image2.gif","size":"12030"},{"last-modified": "2025-02-13 16:07:39","name":"jnj-20241229_g14.jpg","type":"image2.gif","size":"10898"},{"last-modified": "2025-02-13 16:07:39","name":"jnj-20241229_g15.jpg","type":"image2.gif","size":"10839"},{"last-modified": "2025-02-13 16:07:39","name":"jnj-20241229_g16.jpg","type":"image2.gif","size":"33524"},{"last-modified": "2025-02-13 16:07:39","name":"jnj-20241229_g17.jpg","type":"image2.gif","size":"23920"},{"last-modified": "2025-02-13 16:07:39","name":"jnj-20241229_g18.jpg","type":"image2.gif","size":"14869"},{"last-modified": "2025-02-13 16:07:39","name":"jnj-20241229_g19.jpg","type":"image2.gif","size":"15136"},{"last-modified": "2025-02-13 16:07:39","name":"jnj-20241229_g2.jpg","type":"image2.gif","size":"32717"},{"last-modified": "2025-02-13 16:07:39","name":"jnj-20241229_g20.jpg","type":"image2.gif","size":"15804"},{"last-modified": "2025-02-13 16:07:39","name":"jnj-20241229_g21.jpg","type":"image2.gif","size":"13379"},{"last-modified": "2025-02-13 16:07:39","name":"jnj-20241229_g22.jpg","type":"image2.gif","size":"16133"},{"last-modified": "2025-02-13 16:07:39","name":"jnj-20241229_g23.jpg","type":"image2.gif","size":"17147"},{"last-modified": "2025-02-13 16:07:39","name":"jnj-20241229_g24.jpg","type":"image2.gif","size":"16952"},{"last-modified": "2025-02-13 16:07:39","name":"jnj-20241229_g25.jpg","type":"image2.gif","size":"45438"},{"last-modified": "2025-02-13 16:07:39","name":"jnj-20241229_g26.jpg","type":"image2.gif","size":"50006"},{"last-modified": "2025-02-13 16:07:39","name":"jnj-20241229_g3.jpg","type":"image2.gif","size":"92988"},{"last-modified": "2025-02-13 16:07:39","name":"jnj-20241229_g4.jpg","type":"image2.gif","size":"84173"},{"last-modified": "2025-02-13 16:07:39","name":"jnj-20241229_g5.jpg","type":"image2.gif","size":"102631"},{"last-modified": "2025-02-13 16:07:39","name":"jnj-20241229_g6.jpg","type":"image2.gif","size":"96883"},{"last-modified": "2025-02-13 16:07:39","name":"jnj-20241229_g7.jpg","type":"image2.gif","size":"84507"},{"last-modified": "2025-02-13 16:07:39","name":"jnj-20241229_g8.jpg","type":"image2.gif","size":"86968"},{"last-modified": "2025-02-13 16:07:39","name":"jnj-20241229_g9.jpg","type":"image2.gif","size":"86636"},{"last-modified": "2025-02-13 16:07:39","name":"jnj-20241229_htm.xml","type":"text.gif","size":"4240758"},{"last-modified": "2025-02-13 16:07:39","name":"jnj-20241229_lab.xml","type":"text.gif","size":"1489307"},{"last-modified": "2025-02-13 16:07:39","name":"jnj-20241229_pre.xml","type":"text.gif","size":"1101287"},{"last-modified": "2025-02-13 16:07:39","name":"MetaLinks.json","type":"text.gif","size":"1731802"},{"last-modified": "2025-02-13 16:07:39","name":"R1.htm","type":"text.gif","size":"82013"},{"last-modified": "2025-02-13 16:07:39","name":"R10.htm","type":"text.gif","size":"137480"},{"last-modified": "2025-02-13 16:07:39","name":"R100.htm","type":"text.gif","size":"5620"},{"last-modified": "2025-02-13 16:07:39","name":"R101.htm","type":"text.gif","size":"46469"},{"last-modified": "2025-02-13 16:07:39","name":"R102.htm","type":"text.gif","size":"4892"},{"last-modified": "2025-02-13 16:07:39","name":"R103.htm","type":"text.gif","size":"76971"},{"last-modified": "2025-02-13 16:07:39","name":"R104.htm","type":"text.gif","size":"11886"},{"last-modified": "2025-02-13 16:07:39","name":"R105.htm","type":"text.gif","size":"26186"},{"last-modified": "2025-02-13 16:07:39","name":"R106.htm","type":"text.gif","size":"45382"},{"last-modified": "2025-02-13 16:07:39","name":"R107.htm","type":"text.gif","size":"16777"},{"last-modified": "2025-02-13 16:07:39","name":"R108.htm","type":"text.gif","size":"294751"},{"last-modified": "2025-02-13 16:07:39","name":"R109.htm","type":"text.gif","size":"40238"},{"last-modified": "2025-02-13 16:07:39","name":"R11.htm","type":"text.gif","size":"56182"},{"last-modified": "2025-02-13 16:07:39","name":"R110.htm","type":"text.gif","size":"81779"},{"last-modified": "2025-02-13 16:07:39","name":"R111.htm","type":"text.gif","size":"106721"},{"last-modified": "2025-02-13 16:07:39","name":"R112.htm","type":"text.gif","size":"154913"},{"last-modified": "2025-02-13 16:07:39","name":"R113.htm","type":"text.gif","size":"41280"},{"last-modified": "2025-02-13 16:07:39","name":"R114.htm","type":"text.gif","size":"68687"},{"last-modified": "2025-02-13 16:07:39","name":"R115.htm","type":"text.gif","size":"18434"},{"last-modified": "2025-02-13 16:07:39","name":"R116.htm","type":"text.gif","size":"26002"},{"last-modified": "2025-02-13 16:07:39","name":"R117.htm","type":"text.gif","size":"22833"},{"last-modified": "2025-02-13 16:07:39","name":"R118.htm","type":"text.gif","size":"85821"},{"last-modified": "2025-02-13 16:07:39","name":"R119.htm","type":"text.gif","size":"37685"},{"last-modified": "2025-02-13 16:07:39","name":"R12.htm","type":"text.gif","size":"64559"},{"last-modified": "2025-02-13 16:07:39","name":"R120.htm","type":"text.gif","size":"6557"},{"last-modified": "2025-02-13 16:07:39","name":"R13.htm","type":"text.gif","size":"9129"},{"last-modified": "2025-02-13 16:07:39","name":"R14.htm","type":"text.gif","size":"13880"},{"last-modified": "2025-02-13 16:07:39","name":"R15.htm","type":"text.gif","size":"36926"},{"last-modified": "2025-02-13 16:07:39","name":"R16.htm","type":"text.gif","size":"147308"},{"last-modified": "2025-02-13 16:07:39","name":"R17.htm","type":"text.gif","size":"92429"},{"last-modified": "2025-02-13 16:07:39","name":"R18.htm","type":"text.gif","size":"80189"},{"last-modified": "2025-02-13 16:07:39","name":"R19.htm","type":"text.gif","size":"13041"},{"last-modified": "2025-02-13 16:07:39","name":"R2.htm","type":"text.gif","size":"7815"},{"last-modified": "2025-02-13 16:07:39","name":"R20.htm","type":"text.gif","size":"207360"},{"last-modified": "2025-02-13 16:07:39","name":"R21.htm","type":"text.gif","size":"4485"},{"last-modified": "2025-02-13 16:07:39","name":"R22.htm","type":"text.gif","size":"16663"},{"last-modified": "2025-02-13 16:07:39","name":"R23.htm","type":"text.gif","size":"25076"},{"last-modified": "2025-02-13 16:07:39","name":"R24.htm","type":"text.gif","size":"8615"},{"last-modified": "2025-02-13 16:07:39","name":"R25.htm","type":"text.gif","size":"20951"},{"last-modified": "2025-02-13 16:07:39","name":"R26.htm","type":"text.gif","size":"57615"},{"last-modified": "2025-02-13 16:07:39","name":"R27.htm","type":"text.gif","size":"484426"},{"last-modified": "2025-02-13 16:07:39","name":"R28.htm","type":"text.gif","size":"41220"},{"last-modified": "2025-02-13 16:07:39","name":"R29.htm","type":"text.gif","size":"84669"},{"last-modified": "2025-02-13 16:07:39","name":"R3.htm","type":"text.gif","size":"128670"},{"last-modified": "2025-02-13 16:07:39","name":"R30.htm","type":"text.gif","size":"13928"},{"last-modified": "2025-02-13 16:07:39","name":"R31.htm","type":"text.gif","size":"29605"},{"last-modified": "2025-02-13 16:07:39","name":"R32.htm","type":"text.gif","size":"14635"},{"last-modified": "2025-02-13 16:07:39","name":"R33.htm","type":"text.gif","size":"8481"},{"last-modified": "2025-02-13 16:07:39","name":"R34.htm","type":"text.gif","size":"4387"},{"last-modified": "2025-02-13 16:07:39","name":"R35.htm","type":"text.gif","size":"39043"},{"last-modified": "2025-02-13 16:07:39","name":"R36.htm","type":"text.gif","size":"97938"},{"last-modified": "2025-02-13 16:07:39","name":"R37.htm","type":"text.gif","size":"11820"},{"last-modified": "2025-02-13 16:07:39","name":"R38.htm","type":"text.gif","size":"68577"},{"last-modified": "2025-02-13 16:07:39","name":"R39.htm","type":"text.gif","size":"10090"},{"last-modified": "2025-02-13 16:07:39","name":"R4.htm","type":"text.gif","size":"15342"},{"last-modified": "2025-02-13 16:07:39","name":"R40.htm","type":"text.gif","size":"11955"},{"last-modified": "2025-02-13 16:07:39","name":"R41.htm","type":"text.gif","size":"42048"},{"last-modified": "2025-02-13 16:07:39","name":"R42.htm","type":"text.gif","size":"139396"},{"last-modified": "2025-02-13 16:07:39","name":"R43.htm","type":"text.gif","size":"88662"},{"last-modified": "2025-02-13 16:07:39","name":"R44.htm","type":"text.gif","size":"77648"},{"last-modified": "2025-02-13 16:07:39","name":"R45.htm","type":"text.gif","size":"11298"},{"last-modified": "2025-02-13 16:07:39","name":"R46.htm","type":"text.gif","size":"203510"},{"last-modified": "2025-02-13 16:07:39","name":"R47.htm","type":"text.gif","size":"14878"},{"last-modified": "2025-02-13 16:07:39","name":"R48.htm","type":"text.gif","size":"22703"},{"last-modified": "2025-02-13 16:07:39","name":"R49.htm","type":"text.gif","size":"20582"},{"last-modified": "2025-02-13 16:07:39","name":"R5.htm","type":"text.gif","size":"104995"},{"last-modified": "2025-02-13 16:07:39","name":"R50.htm","type":"text.gif","size":"55510"},{"last-modified": "2025-02-13 16:07:39","name":"R51.htm","type":"text.gif","size":"483900"},{"last-modified": "2025-02-13 16:07:39","name":"R52.htm","type":"text.gif","size":"21466"},{"last-modified": "2025-02-13 16:07:39","name":"R53.htm","type":"text.gif","size":"10859"},{"last-modified": "2025-02-13 16:07:39","name":"R54.htm","type":"text.gif","size":"10699"},{"last-modified": "2025-02-13 16:07:39","name":"R55.htm","type":"text.gif","size":"25095"},{"last-modified": "2025-02-13 16:07:39","name":"R56.htm","type":"text.gif","size":"124632"},{"last-modified": "2025-02-13 16:07:39","name":"R57.htm","type":"text.gif","size":"13535"},{"last-modified": "2025-02-13 16:07:39","name":"R58.htm","type":"text.gif","size":"9683"},{"last-modified": "2025-02-13 16:07:39","name":"R59.htm","type":"text.gif","size":"70696"},{"last-modified": "2025-02-13 16:07:39","name":"R6.htm","type":"text.gif","size":"61708"},{"last-modified": "2025-02-13 16:07:39","name":"R60.htm","type":"text.gif","size":"23897"},{"last-modified": "2025-02-13 16:07:39","name":"R61.htm","type":"text.gif","size":"11864"},{"last-modified": "2025-02-13 16:07:39","name":"R62.htm","type":"text.gif","size":"19864"},{"last-modified": "2025-02-13 16:07:39","name":"R63.htm","type":"text.gif","size":"6244"},{"last-modified": "2025-02-13 16:07:39","name":"R64.htm","type":"text.gif","size":"33624"},{"last-modified": "2025-02-13 16:07:39","name":"R65.htm","type":"text.gif","size":"20154"},{"last-modified": "2025-02-13 16:07:39","name":"R66.htm","type":"text.gif","size":"14701"},{"last-modified": "2025-02-13 16:07:39","name":"R67.htm","type":"text.gif","size":"15684"},{"last-modified": "2025-02-13 16:07:39","name":"R68.htm","type":"text.gif","size":"34951"},{"last-modified": "2025-02-13 16:07:39","name":"R69.htm","type":"text.gif","size":"57534"},{"last-modified": "2025-02-13 16:07:39","name":"R7.htm","type":"text.gif","size":"10992"},{"last-modified": "2025-02-13 16:07:39","name":"R70.htm","type":"text.gif","size":"11698"},{"last-modified": "2025-02-13 16:07:39","name":"R71.htm","type":"text.gif","size":"9911"},{"last-modified": "2025-02-13 16:07:39","name":"R72.htm","type":"text.gif","size":"14776"},{"last-modified": "2025-02-13 16:07:39","name":"R73.htm","type":"text.gif","size":"25741"},{"last-modified": "2025-02-13 16:07:39","name":"R74.htm","type":"text.gif","size":"111430"},{"last-modified": "2025-02-13 16:07:39","name":"R75.htm","type":"text.gif","size":"154833"},{"last-modified": "2025-02-13 16:07:39","name":"R76.htm","type":"text.gif","size":"17818"},{"last-modified": "2025-02-13 16:07:39","name":"R77.htm","type":"text.gif","size":"18618"},{"last-modified": "2025-02-13 16:07:39","name":"R78.htm","type":"text.gif","size":"22911"},{"last-modified": "2025-02-13 16:07:39","name":"R79.htm","type":"text.gif","size":"36945"},{"last-modified": "2025-02-13 16:07:39","name":"R8.htm","type":"text.gif","size":"51362"},{"last-modified": "2025-02-13 16:07:39","name":"R80.htm","type":"text.gif","size":"37558"},{"last-modified": "2025-02-13 16:07:39","name":"R81.htm","type":"text.gif","size":"38318"},{"last-modified": "2025-02-13 16:07:39","name":"R82.htm","type":"text.gif","size":"11437"},{"last-modified": "2025-02-13 16:07:39","name":"R83.htm","type":"text.gif","size":"17182"},{"last-modified": "2025-02-13 16:07:39","name":"R84.htm","type":"text.gif","size":"19862"},{"last-modified": "2025-02-13 16:07:39","name":"R85.htm","type":"text.gif","size":"6086"},{"last-modified": "2025-02-13 16:07:39","name":"R86.htm","type":"text.gif","size":"34211"},{"last-modified": "2025-02-13 16:07:39","name":"R87.htm","type":"text.gif","size":"29594"},{"last-modified": "2025-02-13 16:07:39","name":"R88.htm","type":"text.gif","size":"23225"},{"last-modified": "2025-02-13 16:07:39","name":"R89.htm","type":"text.gif","size":"8974"},{"last-modified": "2025-02-13 16:07:39","name":"R9.htm","type":"text.gif","size":"4563"},{"last-modified": "2025-02-13 16:07:39","name":"R90.htm","type":"text.gif","size":"127011"},{"last-modified": "2025-02-13 16:07:39","name":"R91.htm","type":"text.gif","size":"27606"},{"last-modified": "2025-02-13 16:07:39","name":"R92.htm","type":"text.gif","size":"19038"},{"last-modified": "2025-02-13 16:07:39","name":"R93.htm","type":"text.gif","size":"12326"},{"last-modified": "2025-02-13 16:07:39","name":"R94.htm","type":"text.gif","size":"11892"},{"last-modified": "2025-02-13 16:07:39","name":"R95.htm","type":"text.gif","size":"54575"},{"last-modified": "2025-02-13 16:07:39","name":"R96.htm","type":"text.gif","size":"4499"},{"last-modified": "2025-02-13 16:07:39","name":"R97.htm","type":"text.gif","size":"23994"},{"last-modified": "2025-02-13 16:07:39","name":"R98.htm","type":"text.gif","size":"15589"},{"last-modified": "2025-02-13 16:07:39","name":"R99.htm","type":"text.gif","size":"42485"},{"last-modified": "2025-02-13 16:07:39","name":"report.css","type":"text.gif","size":"2768"},{"last-modified": "2025-02-13 16:07:39","name":"Show.js","type":"text.gif","size":"1086"}],"name":"\/Archives\/edgar\/data\/200406\/000020040625000038","parent-dir":"\/Archives\/edgar\/data\/200406"}}