{"directory":{"item":[{"last-modified": "2025-06-18 16:31:22","name":"0000950170-25-087926-index-headers.html","type":"text.gif","size":""},{"last-modified": "2025-06-18 16:31:22","name":"0000950170-25-087926-index.html","type":"text.gif","size":""},{"last-modified": "2025-06-18 16:31:22","name":"0000950170-25-087926.txt","type":"text.gif","size":""},{"last-modified": "2025-06-18 16:31:22","name":"0000950170-25-087926-xbrl.zip","type":"compressed.gif","size":"844436"},{"last-modified": "2025-06-18 16:31:22","name":"FilingSummary.xml","type":"text.gif","size":"57024"},{"last-modified": "2025-06-18 16:31:22","name":"img148471493_0.jpg","type":"image2.gif","size":"520030"},{"last-modified": "2025-06-18 16:31:22","name":"MetaLinks.json","type":"text.gif","size":"1560492"},{"last-modified": "2025-06-18 16:31:22","name":"orcl-20250531.htm","type":"text.gif","size":"6549687"},{"last-modified": "2025-06-18 16:31:22","name":"orcl-20250531.xsd","type":"text.gif","size":"2407618"},{"last-modified": "2025-06-18 16:31:22","name":"orcl-20250531_htm.xml","type":"text.gif","size":"6261456"},{"last-modified": "2025-06-18 16:31:22","name":"orcl-ex21_01.htm","type":"text.gif","size":"53788"},{"last-modified": "2025-06-18 16:31:22","name":"orcl-ex23_01.htm","type":"text.gif","size":"8531"},{"last-modified": "2025-06-18 16:31:22","name":"orcl-ex31_01.htm","type":"text.gif","size":"16625"},{"last-modified": "2025-06-18 16:31:22","name":"orcl-ex32_01.htm","type":"text.gif","size":"10872"},{"last-modified": "2025-06-18 16:31:22","name":"R1.htm","type":"text.gif","size":"79947"},{"last-modified": "2025-06-18 16:31:22","name":"R10.htm","type":"text.gif","size":"8464"},{"last-modified": "2025-06-18 16:31:22","name":"R11.htm","type":"text.gif","size":"48551"},{"last-modified": "2025-06-18 16:31:22","name":"R12.htm","type":"text.gif","size":"183089"},{"last-modified": "2025-06-18 16:31:22","name":"R13.htm","type":"text.gif","size":"31593"},{"last-modified": "2025-06-18 16:31:22","name":"R14.htm","type":"text.gif","size":"98323"},{"last-modified": "2025-06-18 16:31:22","name":"R15.htm","type":"text.gif","size":"52382"},{"last-modified": "2025-06-18 16:31:22","name":"R16.htm","type":"text.gif","size":"160349"},{"last-modified": "2025-06-18 16:31:22","name":"R17.htm","type":"text.gif","size":"535057"},{"last-modified": "2025-06-18 16:31:22","name":"R18.htm","type":"text.gif","size":"297354"},{"last-modified": "2025-06-18 16:31:22","name":"R19.htm","type":"text.gif","size":"39431"},{"last-modified": "2025-06-18 16:31:22","name":"R2.htm","type":"text.gif","size":"136373"},{"last-modified": "2025-06-18 16:31:22","name":"R20.htm","type":"text.gif","size":"148989"},{"last-modified": "2025-06-18 16:31:22","name":"R21.htm","type":"text.gif","size":"38579"},{"last-modified": "2025-06-18 16:31:22","name":"R22.htm","type":"text.gif","size":"227051"},{"last-modified": "2025-06-18 16:31:22","name":"R23.htm","type":"text.gif","size":"340299"},{"last-modified": "2025-06-18 16:31:22","name":"R24.htm","type":"text.gif","size":"334692"},{"last-modified": "2025-06-18 16:31:22","name":"R25.htm","type":"text.gif","size":"49802"},{"last-modified": "2025-06-18 16:31:22","name":"R26.htm","type":"text.gif","size":"12080"},{"last-modified": "2025-06-18 16:31:22","name":"R27.htm","type":"text.gif","size":"257827"},{"last-modified": "2025-06-18 16:31:22","name":"R28.htm","type":"text.gif","size":"71901"},{"last-modified": "2025-06-18 16:31:22","name":"R29.htm","type":"text.gif","size":"27723"},{"last-modified": "2025-06-18 16:31:22","name":"R3.htm","type":"text.gif","size":"20001"},{"last-modified": "2025-06-18 16:31:22","name":"R30.htm","type":"text.gif","size":"85021"},{"last-modified": "2025-06-18 16:31:22","name":"R31.htm","type":"text.gif","size":"50997"},{"last-modified": "2025-06-18 16:31:22","name":"R32.htm","type":"text.gif","size":"166414"},{"last-modified": "2025-06-18 16:31:22","name":"R33.htm","type":"text.gif","size":"502580"},{"last-modified": "2025-06-18 16:31:22","name":"R34.htm","type":"text.gif","size":"290342"},{"last-modified": "2025-06-18 16:31:22","name":"R35.htm","type":"text.gif","size":"34722"},{"last-modified": "2025-06-18 16:31:22","name":"R36.htm","type":"text.gif","size":"140803"},{"last-modified": "2025-06-18 16:31:22","name":"R37.htm","type":"text.gif","size":"25798"},{"last-modified": "2025-06-18 16:31:22","name":"R38.htm","type":"text.gif","size":"189914"},{"last-modified": "2025-06-18 16:31:22","name":"R39.htm","type":"text.gif","size":"315159"},{"last-modified": "2025-06-18 16:31:22","name":"R4.htm","type":"text.gif","size":"89846"},{"last-modified": "2025-06-18 16:31:22","name":"R40.htm","type":"text.gif","size":"322351"},{"last-modified": "2025-06-18 16:31:22","name":"R41.htm","type":"text.gif","size":"47766"},{"last-modified": "2025-06-18 16:31:22","name":"R42.htm","type":"text.gif","size":"133135"},{"last-modified": "2025-06-18 16:31:22","name":"R43.htm","type":"text.gif","size":"12787"},{"last-modified": "2025-06-18 16:31:22","name":"R44.htm","type":"text.gif","size":"25583"},{"last-modified": "2025-06-18 16:31:22","name":"R45.htm","type":"text.gif","size":"14878"},{"last-modified": "2025-06-18 16:31:22","name":"R46.htm","type":"text.gif","size":"7207"},{"last-modified": "2025-06-18 16:31:22","name":"R47.htm","type":"text.gif","size":"7231"},{"last-modified": "2025-06-18 16:31:22","name":"R48.htm","type":"text.gif","size":"29424"},{"last-modified": "2025-06-18 16:31:22","name":"R49.htm","type":"text.gif","size":"14051"},{"last-modified": "2025-06-18 16:31:22","name":"R5.htm","type":"text.gif","size":"33702"},{"last-modified": "2025-06-18 16:31:22","name":"R50.htm","type":"text.gif","size":"39867"},{"last-modified": "2025-06-18 16:31:22","name":"R51.htm","type":"text.gif","size":"11109"},{"last-modified": "2025-06-18 16:31:22","name":"R52.htm","type":"text.gif","size":"38726"},{"last-modified": "2025-06-18 16:31:22","name":"R53.htm","type":"text.gif","size":"20624"},{"last-modified": "2025-06-18 16:31:22","name":"R54.htm","type":"text.gif","size":"22360"},{"last-modified": "2025-06-18 16:31:22","name":"R55.htm","type":"text.gif","size":"341816"},{"last-modified": "2025-06-18 16:31:22","name":"R56.htm","type":"text.gif","size":"126168"},{"last-modified": "2025-06-18 16:31:22","name":"R57.htm","type":"text.gif","size":"21665"},{"last-modified": "2025-06-18 16:31:22","name":"R58.htm","type":"text.gif","size":"17113"},{"last-modified": "2025-06-18 16:31:22","name":"R59.htm","type":"text.gif","size":"106296"},{"last-modified": "2025-06-18 16:31:22","name":"R6.htm","type":"text.gif","size":"91742"},{"last-modified": "2025-06-18 16:31:22","name":"R60.htm","type":"text.gif","size":"21005"},{"last-modified": "2025-06-18 16:31:22","name":"R61.htm","type":"text.gif","size":"61991"},{"last-modified": "2025-06-18 16:31:22","name":"R62.htm","type":"text.gif","size":"12846"},{"last-modified": "2025-06-18 16:31:22","name":"R63.htm","type":"text.gif","size":"22319"},{"last-modified": "2025-06-18 16:31:22","name":"R64.htm","type":"text.gif","size":"6746"},{"last-modified": "2025-06-18 16:31:22","name":"R65.htm","type":"text.gif","size":"46942"},{"last-modified": "2025-06-18 16:31:22","name":"R66.htm","type":"text.gif","size":"19589"},{"last-modified": "2025-06-18 16:31:22","name":"R67.htm","type":"text.gif","size":"22529"},{"last-modified": "2025-06-18 16:31:22","name":"R68.htm","type":"text.gif","size":"14671"},{"last-modified": "2025-06-18 16:31:22","name":"R69.htm","type":"text.gif","size":"74752"},{"last-modified": "2025-06-18 16:31:22","name":"R7.htm","type":"text.gif","size":"4841"},{"last-modified": "2025-06-18 16:31:22","name":"R70.htm","type":"text.gif","size":"139472"},{"last-modified": "2025-06-18 16:31:22","name":"R71.htm","type":"text.gif","size":"9414"},{"last-modified": "2025-06-18 16:31:22","name":"R72.htm","type":"text.gif","size":"13840"},{"last-modified": "2025-06-18 16:31:22","name":"R73.htm","type":"text.gif","size":"7321"},{"last-modified": "2025-06-18 16:31:22","name":"R74.htm","type":"text.gif","size":"92683"},{"last-modified": "2025-06-18 16:31:22","name":"R75.htm","type":"text.gif","size":"9101"},{"last-modified": "2025-06-18 16:31:22","name":"R76.htm","type":"text.gif","size":"29857"},{"last-modified": "2025-06-18 16:31:22","name":"R77.htm","type":"text.gif","size":"35991"},{"last-modified": "2025-06-18 16:31:22","name":"R78.htm","type":"text.gif","size":"39334"},{"last-modified": "2025-06-18 16:31:22","name":"R79.htm","type":"text.gif","size":"9160"},{"last-modified": "2025-06-18 16:31:22","name":"R8.htm","type":"text.gif","size":"95793"},{"last-modified": "2025-06-18 16:31:22","name":"R80.htm","type":"text.gif","size":"19388"},{"last-modified": "2025-06-18 16:31:22","name":"R81.htm","type":"text.gif","size":"18100"},{"last-modified": "2025-06-18 16:31:22","name":"R82.htm","type":"text.gif","size":"35180"},{"last-modified": "2025-06-18 16:31:22","name":"R83.htm","type":"text.gif","size":"35795"},{"last-modified": "2025-06-18 16:31:22","name":"R84.htm","type":"text.gif","size":"17965"},{"last-modified": "2025-06-18 16:31:22","name":"R85.htm","type":"text.gif","size":"21376"},{"last-modified": "2025-06-18 16:31:22","name":"R86.htm","type":"text.gif","size":"28279"},{"last-modified": "2025-06-18 16:31:22","name":"R87.htm","type":"text.gif","size":"40454"},{"last-modified": "2025-06-18 16:31:22","name":"R88.htm","type":"text.gif","size":"14002"},{"last-modified": "2025-06-18 16:31:22","name":"R9.htm","type":"text.gif","size":"14619"},{"last-modified": "2025-06-18 16:31:22","name":"report.css","type":"text.gif","size":"2767"},{"last-modified": "2025-06-18 16:31:22","name":"Show.js","type":"text.gif","size":"1085"}],"name":"\/Archives\/edgar\/data\/1341439\/000095017025087926","parent-dir":"\/Archives\/edgar\/data\/1341439"}}